Ticker,Name,Market Cap,Price
"MCRB","Seres Therapeutics Inc",1997374184.2,21.8
"RPAY","Repay Holdings Corporation - Class A",1996180158.2,22.58
"AKO-B","Embotelladora Andina S.A.",1995725797.2085,12.625
"VLDR","Velodyne Lidar Inc",1988482087.68,10.56
"HTGC","Hercules Capital Inc",1988468949.1,17.18
"GSBD","Goldman Sachs BDC Inc",1986575368.48,19.54
"NS","Nustar Energy L P",1985712181.6,18.13
"ESRT","Empire State Realty Trust Inc - Class A",1983562958.9,11.47
"MAG","MAG Silver Corp",1977801724.92,20.86
"TWO","Two Harbors Investment Corp",1976286514.68,7.22
"CLBK","Columbia Financial Inc",1961510235.3,18.06
"SUBCY","Subsea 7 SA ADR",1949539720,9.975
"HOPE","Hope Bancorp Inc",1947401200.16,15.76
"AVIR","Atea Pharmaceuticals Inc",1944318019.5,23.5
"EB","Eventbrite Inc - Class A",1943737514.62,20.74
"CNR","Cornerstone Building Brands Inc",1943452652.46,15.46
"WRE","Washington Real Estate Investment Trust",1926777595.52,22.78
"SRNGU","Soaring Eagle Acquisition Corp - Units (1 Ord Share Class A & 1/5 War)",1925625000,10.27
"MFA","MFA Financial Inc",1923987819.6,4.36
"PAX","Patria Investments Ltd - Class A",1919214000,14.36
"IRWD","Ironwood Pharmaceuticals Inc - Class A",1918495999.765,11.845
"BTRS","BTRS Holdings Inc - Class 1",1908444780,12.2
"SRNE","Sorrento Therapeutics Inc",1906227407.7,6.65
"PBF","PBF Energy Inc - Class A",1902465055.87,15.83
"AVAH","Aveanna Healthcare Holdings Inc",1895327215.68,10.52
"PING","Ping Identity Holding Corp",1891657435.74,23.06
"CYH","Community Health Systems Inc",1877702920.24,14.21
"PMT","Pennymac Mortgage Investment Trust",1874540019,19.14
"FGEN","FibroGen Inc",1867439161.29,20.27
"BV","BrightView Holdings Inc",1864920582.18,17.73
"DQWS","DSwiss Inc",1862141400,9
"HIMX","Himax Technologies",1861045116.21,10.71
"KN","Knowles Corp",1854941065.5,19.99
"SRNG","Soaring Eagle Acquisition Corp - Class A",1854375000,9.89
"CBD","Cia Brasileira De Distr-pao De Acucar ADR ()",1854309327.97,6.86
"YPF","YPF",1844636999.17,4.69
"AKR","Acadia Realty Trust",1844365652.37,21.37
"MNR","Monmouth Real Estate Investment Corp - Class A",1843159875,18.75
"NWBI","Northwest Bancshares Inc",1836259534.59,14.43
"SVC","Service Properties Trust",1829544546.3,11.1
"GB","Global Blue Group Holding AG",1824255532.52,10.87
"BSIG","BrightSphere Investment Group Inc",1818806515.2,22.92
"CFFN","Capitol Federal Financial",1814244033.72,13.07
"IBRX","ImmunityBio Inc",1814026466.07,16.59
"HSC","Harsco Corp",1810517958.1,22.87
"ARRY","Array Technologies Inc",1809671154.75,14.25
"GOEV","Canoo Inc - Class A",1792839330.65,7.55
"FOE","Ferro Corp",1791298357.84,21.68
"INFN","Infinera Corp",1785520298.9,8.71
"GNL","Global Net Lease Inc",1784808455.9,18.71
"AMK","Assetmark Financial Holdings Inc",1783222265.55,24.61
"WETG","WeTrade Group",1771618688.4,5.6
"ZUO","Zuora Inc - Class A",1765390000,14.59
"HIMS","Hims & Hers Health Inc - Class A",1762346421.63,9.21
"AMRX","Amneal Pharmaceuticals Inc - Class A",1738840328.06,5.78
"SUMO","Sumo Logic Inc",1732611115.34,16.87
"SPPJY","Sappi Ltd",1724506220.255,3.145
"KRG","Kite Realty Group Trust",1724348646.8,20.41
"TDUP","ThredUp Inc - Class A",1717267192.2,18.9
"EVH","Evolent Health Inc - Class A",1716880989.25,19.75
"CERE","Cerevel Therapeutics Holdings Inc",1714424826.9,13.47
"IAG","Iamgold Corp",1706385071.84,3.59
"AMRN","Amarin Corp",1705412979.36,4.32
"OCGN","Ocugen Inc",1704765383.8,8.6
"SAND","Sandstorm Gold Ltd",1704560811.39,8.73
"GZTGF","Gazit-Globe Ltd",1702638370.4,6.89
"PTEN","Patterson-UTI Energy Inc",1692873796.74,8.98
"SSP","E.W. Scripps Co. - Class A",1692539053.26,20.57
"NYMT","New York Mortgage Trust Inc",1691555367.84,4.46
"SKT","Tanger Factory Outlet Centers Inc",1688468289.75,16.75
"DEA","Easterly Government Properties Inc",1688322283.89,20.13
"SCS","Steelcase Inc - Class A",1666723989.59,14.41
"DK","Delek US Holdings Inc",1665158818.96,22.54
"VLRS","Controladora Vuela Cia De Aviacion",1659189347.984,17.96
"IRT","Independence Realty Trust Inc",1656832644.64,16.22
"KURA","Kura Oncology Inc",1652865579.2,24.94
"ADCT","Adc Therapeutics SA",1643375451.06,21.42
"NWBO","Northwest Biotherapeutics Inc",1642167175.35,1.95
"PCT","PureCycle Technologies Inc",1640026080,13.86
"ILPT","Industrial Logistics Properties Trust",1630568167.36,24.97
"CLNE","Clean Energy Fuels Corp",1625329754.67,8.13
"NXE","NexGen Energy Ltd",1611323465.1,4.62
"CODI","Compass Diversified Holdings",1610818000,24.82
"RTLR","Rattler Midstream Lp",1606017280.21,10.81
"TTMI","TTM Technologies Inc",1604626246.14,14.97
"SMWB","Similarweb Ltd",1589023656.84,21.39
"TSLX","Sixth Street Specialty Lending Inc",1588172259.33,21.87
"EVRI","Everi Holdings Inc",1586196540,18
"DNMR","Danimer Scientific Inc - Class A",1572233398.2,17.8
"YEXT","Yext Inc",1571324662.4,12.59
"SGMO","Sangamo Therapeutics Inc",1566869284.53,10.89
"AUPH","Aurinia Pharmaceuticals Inc",1566370516.35,12.29
"CGNT","Cognyte Software Ltd",1565405373,23.8
"FRTA","Forterra Inc",1565133375.44,23.47
"FRO","Frontline Ltd",1563746259.11,7.91
"RAAS","Cloopen Group Holding Ltd",1563160354.74,9.51
"BNGO","Bionano Genomics Inc",1560504652,5.6
"LKNCY","Luckin Coffee Inc",1558161631.25,6.7
"IPOE","Social Capital Hedosophia Holdings Corp V - Class A",1557675000,15.48
"PACK","Ranpak Holdings Corp - Class A",1555063908,20.5
"ALVR","AlloVir Inc",1545637165.02,23.74
"NEXA","Nexa Resources S.A.",1540261045.93,11.63
"CAN","Canaan Inc",1540117833.18906,9.68
"CNDT","Conduent Inc",1531321950.2,7.21
"USAC","USA Compression Partners LP",1528101067.5,15.75
"HYLN","Hyliion Holdings Corporation - Class A",1523784040,8.95
"OII","Oceaneering International Inc",1520228724.84,15.24
"IMVT","Immunovant Inc",1518554266.5,15.5
"CLI","Mack-Cali Realty Corp",1517923757.77,16.73
"GPRO","GoPro Inc - Class A",1516685380.72,9.89
"GSHHY","Guangshen Railway Co. Ltd",1497459721.8,10.37
"HTLD","Heartland Express Inc",1495035179.25,18.71
"LX","LexinFintech Holdings Ltd",1489372482.95,8.24
"AROC","Archrock Inc",1488161697.96,9.66
"FCF","First Commonwealth Financial Corp",1483551122.22,15.42
"RIDE","Lordstown Motors Corp - Class A",1483266758.4,8.4
"MRTN","Marten Transport Ltd",1468437139.38,17.74
"NFH","New Frontier Health Corporation - Class A",1467257466.6,11.18
"TTCF","Tattooed Chef Inc - Class A",1465743543.83,18.01
"CENX","Century Aluminum Company",1460321843.94,16.21
"BPMP","BP Midstream Partners LP",1459787942.2,13.93
"AGTI","Agiliti Inc",1457372530.56,14.73
"LADR","Ladder Capital Corp - Class A",1455460922.88,11.52
"DBI","Designer Brands Inc - Class A",1454557144.32,20.09
"ATEC","Alphatec Holdings Inc",1448345398.98,14.86
"HNST","Honest Company Inc (The )",1441953922.41,15.93
"IPOF","Social Capital Hedosophia Holdings Corp VI - Class A",1434625000,9.98
"INVZ","Innoviz Technologies Ltd",1431925221.89,11.03
"ASZ-U","Austerlitz Acquisition Corp II - Units (1 Ord Share Class A & 1/4 War)",1431428562.84,10.02
"TBBK","Bancorp Inc (The)",1430052866.74,24.98
"CRK","Comstock Resources Inc",1424674636.34,6.13
"INO","Inovio Pharmaceuticals Inc",1423914968,6.8
"LNTH","Lantheus Holdings Inc",1417900504.35,21.01
"FMCC","Federal Home Loan Mortgage Corp",1410629230.01,2.17
"ARCE","Arco Platform Ltd - Class A",1402833034.68,24.74
"ASZ","Austerlitz Acquisition Corp II - Class A",1397142848.76,9.78
"PBI","Pitney Bowes Inc",1395169350,7.95
"ALEC","Alector Inc",1392735521.52,17.46
"FRSX","Foresight Autonomous Holdings Ltd",1388655754.2,4.44
"PGEN","Precigen Inc",1385038845.85,6.71
"LBPS","4d Pharma Plc",1380413317.5,10.5
"MTLS","Materialise Nv",1380276560,23.82
"HRTX","Heron Therapeutics Inc",1379783844.3,13.55
"AVO","Mission Produce Inc",1379270525.1,19.55
"ERF","Enerplus Corporation",1377569644,6.41
"CRIS","Curis Inc",1377187844.9,15.05
"NBLX","Noble Midstream Partners LP",1374409153.26,15.21
"OCFC","OceanFirst Financial Corp",1364113461.27,22.61
"WOW","WideOpenWest Inc",1362609882.16,15.64
"RXDX","Prometheus Biosciences Inc",1358606704.64,20.48
"GHG","GreenTree Hospitality Group Ltd",1348922706.67,13.07
"GEVO","Gevo Inc",1346578162.425,6.795
"PRCH","Porch Group Inc - Class A",1344808834.24,15.04
"LINX","Linx S.A.",1344803616,7.06
"BRMK","Broadmark Realty Capital Inc",1344292024.92,10.14
"TEO","Telecom Argentina S.A.",1343509865.472,5.12
"IMGN","Immunogen Inc",1341611839.92,6.71
"LAC","Lithium Americas Corp",1339607634.75,13.25
"SA","Seabridge Gold Inc",1339370885.16,18.94
"TGP","Teekay LNG Partners LP",1339049003.6,15.4
"GOGO","Gogo Inc",1335047619.78,12.18
"ENDP","Endo International plc",1334506464.72,5.72
"STKL","Sunopta Inc",1324017382.15,12.55
"REAL","Therealreal Inc",1321280771.25,14.55
"BKD","Brookdale Senior Living Inc",1320234642.37,7.13
"NGD","New Gold Inc",1319684608.12,1.94
"ALEX","Alexander & Baldwin Inc",1318948212.4,18.2
"WPF","Foley Trasimene Acquisition Corp - Class A",1318331250,10.19
"BRKL","Brookline Bancorp Inc",1318327050.54,16.86
"GLNG","Golar Lng",1310527640.48,11.92
"KOS","Kosmos Energy Ltd",1309835091.15,3.21
"MNTK","Montauk Renewables Inc",1309273660.35,9.21
"ARCO","Arcos Dorados Holdings",1307847027.63,6.31
"CDEV","Centennial Resource Development Inc - Class A",1306677125.52,4.68
"STAR","iStar Inc",1303596866.2,17.8
"TRVG","Trivago NV",1303293870.24,3.65
"DSGN","Design Therapeutics Inc",1299220641.92,23.36
"INVA","Innoviva Inc",1294980313.24,12.77
"TBA","Thoma Bravo Advantage - Class A",1291836000,10.14
"RES","RPC Inc",1290095443.52,5.98
"EXTR","Extreme Networks Inc",1284547048.87,10.19
"GOGL","Golden Ocean Group Ltd",1284216165.12,8.96
"TBIO","Translate Bio Inc",1278957566,17
"HA","Hawaiian Holdings Inc",1273336137.15,24.915
"DNOW","NOW Inc",1272342734.62,11.54
"STEM","Stem Inc - Class A",1264250000,19.45
"CMRE","Costamare Inc",1263135826.92,10.34
"ACEL","Accel Entertainment Inc - Class A1",1257960888.87,13.47
"NMFC","New Mountain Finance Corp",1257787172.58,12.99
"LC","LendingClub Corp",1252298262.88,12.88
"OEC","Orion Engineered Carbons S.A.",1251990590.3,20.8
"CYDY","Cytodyn Inc",1250265456.96,2.04
"CVII-U","Churchill Capital Corp VII - Units (1 Ord Share Class A & 1/5 War)",1250000000,10
"KAHC-U","KKR Acquisition Holdings I Corp - Units (1 Ord Share Class A & 1/4 War)",1248750000,9.99
"BPFH","Boston Private Financial Holdings Inc",1248509819.94,15.14
"IMAX","Imax Corp",1238800541.72,20.87
"FSM","Fortuna Silver Mines Inc",1234111370.9,6.7
"RDNT","Radnet Inc",1232653912.21,23.39
"AXL","American Axle & Manufacturing Holdings Inc",1232213977.02,10.81
"CDMO","Avid Bioservices Inc",1231778927.25,20.25
"NXGN","NextGen Healthcare Inc",1230836916.98,18.37
"RWT","Redwood Trust Inc",1230684312.33,10.89
"VET","Vermilion Energy Inc",1226935290.93,8.19
"KAHC","KKR Acquisition Holdings I Corp - Class A",1223750000,9.79
"CLNC","Colony Credit Real Estate Inc - Class A",1222362599.28,9.42
"CVII","Churchill Capital Corp VII - Class A",1221250000,9.77
"STNG","Scorpio Tankers Inc",1218794224.06,20.98
"AGRO","Adecoagro SA",1217542351.38,10.38
"PLYA","Playa Hotels & Resorts N.V.",1216279298.625,7.415
"SILV","SilverCrest Metals Inc",1211818642.47,9.37
"ATRA","Atara Biotherapeutics Inc",1208182710.69,14.37
"IDEX","Ideanomics Inc",1207626624,2.88
"HMHC","Houghton Mifflin Harcourt Company",1204027835.85,9.45
"TVTY","Tivity Health Inc",1203193721.05,24.425
"TBPH","Theravance Biopharma Inc",1202440782.54,18.42
"NESR","National Energy Services Reunited Corp",1199041373.98,13.66
"OCSL","Oaktree Specialty Lending Corp",1197594795.68,6.64
"PAYA","Paya Holdings Inc - Class A",1193490374.64,9.42
"REVG","REV Group Inc",1191917127.9,18.74
"GEL","Genesis Energy LP",1181663661.52,9.64
"JWS","Jaws Acquisition Corp - Class A",1179900000,13.68
"OPRA","Opera Ltd",1175244800,10.24
"SNDL","Sundial Growers Inc",1173115728.3432,0.7546
"CDXS","Codexis Inc",1172424436.74,18.18
"TEN","Tenneco Inc - Class A",1168057053,14.25
"GRBK","Green Brick Partners Inc",1167349670.76,23.01
"EH","EHang Holdings Ltd",1154226553.62,21.37
"WILC","G. Willi-Food International Ltd",1150500000,23.39
"SSYS","Stratasys Ltd",1148197323,20.28
"KREF","KKR Real Estate Finance Trust Inc",1144091633.96,20.57
"CPMV","Mosaic ImmunoEngineering Inc",1143969901.8,2.85
"EBSB","Meridian Bancorp Inc",1139306766.12,21.72
"FOR","Forestar Group Inc New",1136256647.13,23.13
"RFP","Resolute Forest Products Inc",1132584795.44,14.32
"SCWX","SecureWorks Corp - Class A",1130858507.58,13.62
"SFL","SFL Corporation Ltd",1128562865.12,8.83
"ACRS","Aclaris Therapeutics Inc",1128124235.75,21.65
"RYTM","Rhythm Pharmaceuticals Inc",1124380345.41,22.395
"PUMP","ProPetro Holding Corp",1124060837.69,10.99
"TVTX","Travere Therapeutics Inc",1121489481.7,18.55
"OMP","Oasis Midstream Partners LP",1120381747.2,23.04
"VECO","Veeco Instruments Inc",1118068528.52,22.28
"DENN","Denny`s Corp",1116761751.45,17.41
"OMER","Omeros Corporation",1108821702.3,17.79
"CCO","Clear Channel Outdoor Holdings Inc",1101749655.24,2.34
"GSKY","GreenSky Inc - Class A",1099215888.16,5.96
"CLS","Celestica Inc",1095642276.84,8.49
"SVM","Silvercorp Metals Inc",1095046054.2,6.3
"MSC","Studio City International Holdings Ltd",1092540465,11.8
"KRNY","Kearny Financial Corp",1090705135.5,13.5
"SWBI","Smith & Wesson Brands Inc",1085750719.03,20.39
"RAD","Rite Aid Corp",1083298655.26,19.66
"FORE","Foresight Acquisition Corp - Class A",1077910241.43,9.69
"MNRL","Brigham Minerals Inc - Class A",1076015676.05,18.97
"ICLK","iClick Interactive Asia Group Ltd",1074102960,11.06
"TALO","Talos Energy Inc",1073637785.16,13.14
"OCUL","Ocular Therapeutix Inc",1073429354.55,14.07
"CHRS","Coherus Biosciences Inc",1071140038.92,14.14
"PRPB","CC Neuberger Principal Holdings II - Class A",1066555000,9.83
"RTPYU","Reinvent Technology Partners Y - Units (1 Ord Share Class A & 1/8 War)",1064625000,10.02
"QUOT","Quotient Technology Inc",1064331702,11.4
"ZGNX","Zogenix Inc",1060997335.9,19.01
"MX","MagnaChip Semiconductor Corp",1058730666.1,22.85
"EXK","Endeavour Silver Corp",1058095543.6,6.7
"BMA","Banco Macro S.A.",1056058584.117,15.77
"CADNF","Cascades Inc",1048667056.32,10.98
"RTPY","Reinvent Technology Partners Y - Class A",1046562500,9.85
"MNKD","Mannkind Corp",1045479596.31,4.23
"INN","Summit Hotel Properties Inc",1044232745.76,9.84
"HRVSF","Harvest Health & Recreation Inc (Sub Voting)",1041128805.8908,4.222272
"ORLA","Orla Mining Ltd",1038665308.2,4.53
"DBD","Diebold Nixdorf Inc",1038088970.39,13.27
"FPH","Five Point Holdings LLC - Class A",1035943237,7
"RC","Ready Capital Corp",1035563503.46,14.54
"ERII","Energy Recovery Inc",1034832131.69,17.99
"VNDA","Vanda Pharmaceuticals Inc",1032383096.12,18.58
"NEX","NexTier Oilfield Solutions Inc",1032376097.51,4.79
"NNOX","Nano X Imaging Ltd",1026732000,21.57
"MDXG","Mimedx Group Inc",1025576233.92,9.18
"RBBN","Ribbon Communications Inc - New",1022730234.86,6.94
"AFIN","American Fin Tr Inc - Class A",1022072043.57,9.39
"CRHC","Cohn Robbins Holdings Corp - Class A",1018440000,9.84
"BCSF","Bain Capital Specialty Finance Inc",1018146919.05,15.77
"WKHS","Workhorse Group Inc",1016897631.75,8.25
"PRTA","Prothena Corporation plc",1016043216,23
"PRTY","Party City Holdco Inc",1012799933.6,9.1
"NOG","Northern Oil and Gas Inc",1012353693.4,16.76
"KNTE","Kinnate Biopharma Inc",1010850456.75,23.25
"SPNT","SiriusPoint Ltd",1009353660.48,10.56
"TELL","Tellurian Inc",1007692100.1,2.46
"NE","Noble Corp",1006846965.36,4.08
"DHT","DHT Holdings Inc",1006002151.92,5.89
"RPT","RPT Realty",1001576507.22,12.34
"OSPN","OneSpan Inc",1001190866.09,24.865
"WETF","Wisdomtree Investments Inc",999272836.56,6.68
"APSG","Apollo Strategic Growth Capital - Class A",997529212.5,9.77
"AIV","Apartment Investment & Management Co. - Class A",996712639.72,6.68
"MRC","MRC Global Inc",995020563.06,12.06
"MERC","Mercer International Inc",993124772.85,15.05
"CERS","Cerus Corp",990227318.405,5.785
"RDUS","Radius Health Inc",986899146.51,20.89
"TRTX","TPG RE Finance Trust Inc",986589818.66,12.83
"PCVX","Vaxcyte Inc",983388892.2,19.14
"VUZI","Vuzix Corporation",983305263.8,15.59
"MRSN","Mersana Therapeutics Inc",982212799.56,14.12
"PBFX","Pbf Logistics Lp",979763764.52,15.71
"HTZGQ","Hertz Global Holdings Inc",979414617.06,6.27
"CNST","Constellation Pharmaceuticals Inc",978897116.7,20.43
"ADTN","Adtran Inc",978077278.89,20.21
"CXW","CoreCivic Inc",977851327.08,8.13
"GPRK","Geopark Ltd",972204267.96,15.93
"HGEN","Humanigen Inc",970906515.48,18.81
"VEI","Vine Energy Inc - Class A",969979598,14
"GLDD","Great Lakes Dredge & Dock Corporation",964281552.91,14.69
"LBAI","Lakeland Bancorp Inc",961931644.49,19.01
"HERAU","FTAC Hera Acquisition Corp - Units (1 Ord Share Class A & 1/4 War)",961920000,10.02
"HNGR","Hanger Inc",961606408.05,24.95
"OLMA","Olema Pharmaceuticals Inc",961261830.34,23.93
"FTOC","FTAC Olympus Acquisition Corp - Class A",959878598.3,9.89
"RMO","Romeo Power Inc - Class A",959506345.35,7.35
"AZRE","Azure Power Global Ltd",958256582.5,19.88
"UMH","UMH Properties Inc",957760795.2,21.2
"QNST","QuinStreet Inc",957107557.35,17.85
"KNSA","Kiniksa Pharmaceuticals Ltd - Class A",956648476,14
"CAAP","Corporacion America Airports S.A.",956485063.02,5.86
"GSAH","GS Acquisition Holdings Corp II - Class A",955312500,10.19
"AINV","Apollo Investment Corp",954089153.12,14.62
"GHLD","Guild Holdings Co - Class A",951000000,15.85
"AMPH","Amphastar Pharmaceuticals Inc",950801605.96,19.96
"VREX","Varex Imaging Corp",942414000,23.98
"CPUH-U","Compute Health Acquisition Corp - Units (1 Ord Share Class A & 1/4 War)",941250000,10.04
"JWSM-U","Jaws Mustang Acquisition Corporation - Units (1 Ord Share Class A & 1/4 War)",938437500,10.01
"HERA","FTAC Hera Acquisition Corp - Class A",935040000,9.74
"GGPIU","Gores Guggenheim Inc - Units (1 Ord Share Class A & 1/5 War)",934687500,9.97
"CONX","CONX Corp - Class A",931136100,9.93
"FVTI","Fortune Valley Treasures Inc",929405000,5.13
"SPH","Suburban Propane Partners LP",927308555.05,14.83
"BVS","Bioventus Inc - Class A",924548054.02,16.27
"SY","So-Young International Inc",923406969.888,8.91
"CARS","Cars.com",921883440.56,13.43
"ACCO","Acco Brands Corporation",921496420.05,9.65
"DYN","Dyne Therapeutics Inc",920682657.36,17.98
"EPZM","Epizyme Inc",918800192.04,9.01
"JWSM","Jaws Mustang Acquisition Corporation - Class A",915937500,9.77
"CPUH","Compute Health Acquisition Corp - Class A",915000000,9.76
"TGI","Triumph Group Inc",913738980.36,16.62
"STRO","Sutro Biopharma Inc",912575320.08,19.79
"YQ","17 Education & Technology Group Inc",910427100.72,4.74
"LCA","Landcadia Holdings IV Inc - Class A",906955882.08,11.64
"AAC-U","Ares Acquisition Corporation - Units (1 Ord Share Class A & 1/5 War)",906250000,10
"GTHX","G1 Therapeutics Inc",902915293.48,21.46
"HCC","Warrior Met Coal Inc",898628550.88,17.48
"BANC","Banc of California Inc",894741092.06,17.66
"AACQ","Artius Acquisition Inc - Class A",892946250,9.86
"AAC","Ares Acquisition Corporation - Class A",891750000,9.76
"TRIL","Trillium Therapeutics Inc",890716507.135,8.78
"ORBC","Orbcomm Inc",890613180.8,11.2
"BY","Byline Bancorp Inc",890410274.65,23.05
"GDYN","Grid Dynamics Holdings Inc - Class A",890056228.75,16.43
"DESP","Despegar.com Corp",889560472.32,12.69
"DVAX","Dynavax Technologies Corp",889204525.12,7.76
"AJAX","Ajax I - Class A",889067724.02,9.94
"TILE","Interface Inc",886970515.23,15.03
"SNDX","Syndax Pharmaceuticals Inc",886326028.83,18.37
"HMPT","Home Point Capital Inc",883150255.08,6.36
"AMTB","Amerant Bancorp Inc - Class A",882979821.07,23.39
"ANGO","Angiodynamic Inc",882498672.38,23.14
"WNC","Wabash National Corp",882487409.1,17.13
"IVR","Invesco Mortgage Capital Inc",879639824.7,3.57
"VRAY","ViewRay Inc",879058264.185,5.435
"NFBK","Northfield Bancorp Inc",878824347.03,17.13
"SLCA","U.S. Silica Holdings Inc",878715548.94,11.82
"MILE","Metromile Inc",877415601.6,6.96
"ITOS","ITeos Therapeutics Inc",875369035.06,24.94
"CNTB","Connect Biopharma Holdings Ltd",874933968.5,16.22
"PSNL","Personalis Inc",874215825.89,19.91
"MOD","Modine Manufacturing Company",872104840.96,16.96
"LGO","Largo Resources Ltd",869927720,14.8
"GMRE","Global Medical REIT Inc",869356573.8,14.3
"XL","XL Fleet Corporation - Class A",866628535.92,6.23
"CCX","Churchill Capital Corp II - Class A",865087500,10.03
"AFMD","Affimed N.V.",864928530.4,9.38
"MRUS","Merus N.V",864398924.62,22.54
"AXGN","Axogen Inc",864348910.52,21.08
"FI","Franks International N.V.",863030068.01,3.79
"YI","111 Inc",859837690.4,10.85
"RUTH","Ruths Hospitality Group Inc",858662428.26,24.54
"ALGS","Aligos Therapeutics Inc",858458025,22.5
"MSGN","MSG Networks Inc - Class A",857437978.05,15.03
"PRDO","Perdoceo Education Corporation",856548478.72,12.16
"RTP","Reinvent Technology Partners - Class A",855600000,9.92
"DGNR","Dragoneer Growth Opportunities Corp - Class A",854737500,9.91
"NTP","Nam Tai Property Inc",854516203.8,21.8
"ARR","ARMOUR Residential REIT Inc",853503431.48,11.98
"PTNR","Partner Communications Company",851973694.18,4.54
"PAYD","Paid Inc",851783789.5,2.59
"BTU","Peabody Energy Corp New",845380000,8.6
"EFC","Ellington Financial Inc",844548684.36,19.29
"NTST","Netstreit Corp",843275774,21.4
"MESO","Mesoblast Ltd",843223239.728,7.22
"STFC","State Auto Financial Corp",842707968.85,19.13
"TSHA","Taysha Gene Therapies Inc",841767900.6,22.2
"DHC","Diversified Healthcare Trust",841087727.34,3.53
"PNTM","Pontem Corp - Class A",840075000,9.74
"GATO","Gatos Silver Inc",840043995.28,14.14
"HONE","HarborOne Bancorp Inc",838976029.535,14.935
"MMX","Maverix Metals Inc",835905438.55,6.27
"TCPC","BlackRock TCP Capital Corp",835314637.44,14.46
"UUUU","Energy Fuels Inc",834961588.56,5.94
"VIVO","Meridian Bioscience Inc",834103231.5,19.25
"RADI","Radius Global Infrastructure Inc - Class A",832520028.8,13.6
"TIG","Trean Insurance Group Inc",832190683.14,16.27
"ARLP","Alliance Resource Partners LP",825496971.31,6.49
"LIND","Lindblad Expeditions Holdings Inc",824086663.44,16.44
"PLAB","Photronics Inc",823241454.56,12.88
"TGLS","Tecnoglass Inc",819529347.87,17.19
"HPK","HighPeak Energy Inc",819254938.32,8.84
"PZN","Pzena Investment Management Inc - Class A",814207563.18,11.22
"AERI","Aerie Pharmaceuticals Inc",812660698.37,17.33
"HBNC","Horizon Bancorp Inc (IN)",811741520.83,18.47
"CANG","Cango Inc",810823100.8,5.35
"GLP","Global Partners LP",810454221.92,23.84
"PRAX","Praxis Precision Medicines Inc",810021652.1,20.95
"SKIN","Beauty Health Company (The) - Class A",808450000,14.06
"UXIN","Uxin Ltd",806891314.92606,2.82
"TPC","Tutor Perini Corp",804304814.53,15.79
"COLL","Collegium Pharmaceutical Inc",803293214.22,22.79
"VITL","Vital Farms Inc",801301297.6,20.05
"PARR","Par Pacific Holdings Inc",801046218.28,13.31
"PAE","PAE Incorporated - Class A",800400409,8.6
"GSM","Ferroglobe Plc",800303541.18,4.73
"PASG","Passage Bio Inc",799946312.88,14.82
"HLX","Helix Energy Solutions Group Inc",797329896.52,5.29
"ANNX","Annexon Inc",792152149.68,20.76
"ESTE","Earthstone Energy Inc - Class A",791641680.48,10.08
"ACB","Aurora Cannabis Inc",790469643.46,7.02
"MYE","Myers Industries Inc",788487293.75,21.85
"MGIC","Magic Software Enterprises Ltd",787437166.42,16.09
"HOLI","Hollysys Automation Technologies Ltd",786982287,13
"ABML","American Battery Metals Corp",786886912.845,1.485
"AHH","Armada Hoffler Properties Inc",786451423.68,13.04
"RNA","Avidity Biosciences Inc",786269832,20.92
"VXRT","Vaxart Inc",786186152.79,6.43
"WPRT","Westport Innovations Inc",785901697.26,5.455
"BCOR","Blucora Inc",785311023.52,16.22
"CBB","Cincinnati Bell Inc",784176408.4,15.4
"AVXL","Anavex Life Sciences Corporation",783822970.56,11.28
"DNN","Denison Mines Corp",780829164.3,1.15
"INSG","Inseego Corp",779417585.62,7.58
"SLRC","SLR Investment Corp",778444414.92,18.42
"KRP","Kimbell Royalty Partners LP",778390735.86,12.86
"PRMRF","Paramount Resources Ltd - Class A",777978747.48,11.08
"CTLP","Cantaloupe Inc",775824424.83,10.91
"SPWH","Sportsman`s Warehouse Holdings Inc",775628976.02,17.77
"GEO","Geo Group Inc",774714387.87,6.33
"LE","Lands` End Inc",773324491.31,23.69
"CFB","Crossfirst Bankshares Inc",772937703.585,14.985
"GRCL","Gracell Biotechnologies Inc",769532738.288,12.14
"ADAP","Adaptimmune Therapeutics Plc",768135485.1612,4.93
"VBIV","VBI Vaccines Inc",767670213.7,3.02
"GOOD","Gladstone Commercial Corp",767558022.54,21.09
"CVM","Cel-Sci Corp",765598061.42,18.89
"LPG","Dorian LPG Ltd",764268686.8,15.32
"ZOM","Zomedica Corp",759993065.52,0.78
"GPMT","Granite Point Mortgage Trust Inc",758832436.89,13.77
"FFNTF","4Front Ventures Corp (Sub Voting)",758690173.98,1.34
"TSC","Tristate Capital Holdings Inc",755336346.94,22.78
"BOWX","BowX Acquisition Corp - Class A",754687500,12.5
"FVIV-U","Fortress Value Acquisition Corp IV - Units (1 Ord Share Class A & 1/8 War)",753750000,10.05
"TRST","Trustco Bank Corp",752228895.6,7.8
"BTWN","Bridgetown Holdings Ltd - Class A",751179308.9,10.1
"AKTX","Akari Therapeutics Plc",750229724.985,1.95
"SVFA","SVF Investment Corp - Class A",750159375,9.94
"BOAC","Bluescape Opportunities Acquisition Corp - Class A",747984375,9.85
"PRTS","CarParts.com Inc",747358211.46,15.54
"DTST","Data Storage Corp",746814018.58,5.81
"MUDS","Mudrick Capital Acquisition Corp II - Class A",742159687.5,13.41
"CAPL","CrossAmerica Partners LP",741589915.44,19.58
"TWCT","TWC Tech Holdings II Corp - Class A",741000000,9.88
"ETAC","E.Merge Technology Acquisition Corp - Class A",740664000,9.72
"SENS","Senseonics Holdings Inc",740651203.32,1.96
"CNSL","Consolidated Communications Holdings Inc",739846736.75,9.25
"GCI","Gannett Co Inc",739610292,5.19
"UBA","Urstadt Biddle Properties Inc - Class A",739534488.45,18.35
"FFIC","Flushing Financial Corp",739509550.86,23.89
"SPTN","SpartanNash Company",738612440.72,20.44
"CGBD","TCG BDC Inc",738308125.1,13.51
"BZH","Beazer Homes USA Inc",737289914.84,23.56
"FANH","Fanhua Inc",736152817.932,13.41
"TCRR","Tcr2 Therapeutics Inc",734908468.8,19.27
"FVIV","Fortress Value Acquisition Corp IV - Class A",734250000,9.79
"AVAN","Avanti Acquisition Corp - Class A",732750000,9.77
"HEXO","HEXO Corp",732141772.59,6.03
"AUS-U","Austerlitz Acquisition Corp I - Units (1 Ord Share Class A & 1/4 War)",731428577.28,10.24
"TMST","TimkenSteel Corp",725756176.4,15.88
"AGEN","Agenus Inc",725157689.34,3.26
"HTBK","Heritage Commerce Corp",721233972,12
"ATEN","A10 Networks Inc",719993598.1,9.31
"AKYA","Akoya Biosciences Inc",719854068.48,20.17
"LAND","Gladstone Land Corp",719843521.56,24.52
"EM","Smart Share Global Ltd",718964567.4,6.2
"LGACU","Lazard Growth Acquisition Corp I - Units (1 Ord Class A & 1/5 War)",718750000,10
"ATHA","Athira Pharma Inc",718279024.05,19.35
"XENE","Xenon Pharmaceuticals Inc",718155384.13,17.53
"SKYT","SkyWater Technology Inc",713526913.44,19.36
"CASA","Casa Systems Inc",713302228.8,8.4
"VOR","Vor Biopharma Inc",711070771.95,19.15
"RBAC","RedBall Acquisition Corp - Class A",709406250,9.87
"ECOM","ChannelAdvisor Corp",709128520.2,23.85
"FF","Futurefuel Corp",708640536.6,16.2
"KDNY","Chinook Therapeutics Inc",708550663.04,16.72
"AGC","Altimeter Growth Corp - Class A",707500000,11.32
"LGAC","Lazard Growth Acquisition Corp I",707250000,9.84
"AUS","Austerlitz Acquisition Corp I - Class A",706428577.08,9.89
"MITK","Mitek Systems Inc",705648585.95,16.39
"CMRX","Chimerix Inc",705209350.16,8.18
"VINP","Vinci Partners Investments Ltd - Class A",705159355.32,12.39
"BPYU","Brookfield Property REIT Inc - Class A",704420796.2,18.37
"GOAC","GO Acquisition Corp - Class A",703656250,9.79
"HLIT","Harmonic Inc",701546438.02,6.94
"FOSL","Fossil Group Inc",701263851.52,13.61
"SCOA","ScION Tech Growth I - Class A",699343750,9.73
"ALDX","Aldeyra Therapeutics Inc",697337556.3,12.1
"ABST","Absolute Software Corporation",695947574.3,14.06
"UEC","Uranium Energy Corp",694794795.12,3.24
"FLNG","Flex Lng Ltd",692175985.08,12.84
"IMTX","Immatics N.V",691994787,11
"DBVT","DBV Technologies",691103522.46,6.43
"CCXI","ChemoCentryx Inc",689823237.41,9.89
"TRMD","Torm Plc - Class A",688674546.8,9.2
"BBDC","Barings BDC Inc",685818892.5,10.5
"SRG","Seritage Growth Properties - Class A",685458349.1,16.03
"VFF","Village Farms International Inc",684441740.13,8.43
"KPTI","Karyopharm Therapeutics Inc",683342359.7,9.1
"LCY","Landcadia Holdings III Inc - Class A",682500000,10.92
"ATRS","Antares Pharma Inc",681944994.64,4.04
"GAN","GAN Ltd",681937808.91,16.23
"HZAC","Horizon Acquisition Corp - Class A",681340370.82,10.02
"LL","Lumber Liquidators Holdings Inc",680070698.34,23.43
"FPAC","Far Peak Acquisition Corp - Class A",680062500,9.75
"OSUR","Orasure Technologies Inc",679302853.12,9.44
"YZCAY","Yanzhou Coal Mining Company Ltd",676758906.25,12.95
"FTCI","FTC Solar Inc",676206032.96,8.23
"BOLT","Bolt Biotherapeutics Inc",674609362.98,18.57
"ARDX","Ardelyx Inc",674183754.04,6.83
"GRSV","Gores Holdings V Inc - Class A",673312500,10.26
"VSTA","Vasta Platform Ltd Class A",673223954.35,8.11
"ORTX","Orchard Therapeutics plc",672902627.84,5.44
"BW","Babcock & Wilcox Enterprises Inc",672536702.76,7.86
"SOHU","Sohu.com Ltd",672531186.53,17.11
"CLAR","Clarus Corp",672002324.26,21.46
"ZIOP","Ziopharm Oncology Inc",671907781.99,3.13
"MCF","Contango Oil & Gas Company",671468565.41,4.21
"CPAC","Cementos Pacasmayo S.A.A.",671407623.216,7.92
"WTTR","Select Energy Services Inc - Class A",670261469.92,6.44
"CARA","Cara Therapeutics Inc",669695907.18,13.38
"TCS","Container Store Group Inc",669479127.72,13.26
"OSW","OneSpaWorld Holdings Ltd",669257408.1,10.95
"QIWI","QIWI plc",666638924.25,10.97
"SQNS","Sequans Communications S.A",665652427.3,4.97
"SPNE","SeaSpine Holdings Corp",663553270.83,20.01
"GOSS","Gossamer Bio Inc",663450847.92,8.74
"AMBC","AMBAC Financial Group Inc",663390399.08,14.36
"CLLS","Cellectis",662665081.14,15.55
"LMACU","Liberty Media Acquisition Corp - Units (1 Ord Share Ser A & 1/5 War)",659375000,10.55
"CGEN","Compugen Ltd",659365745.28,7.88
"HZON","Horizon Acquisition Corp II - Class A",658218750,10.03
"SFT","Shift Technologies Inc - Class A",655889028.6,7.8
"HAFC","Hanmi Financial Corp",655637916.24,21.36
"TGB","Taseko Mines Ltd",654506855.68,2.47
"STRL","Sterling Construction Company Inc",654229351.41,22.87
"THR","Thermon Group Holdings Inc",653986100.8,19.7
"IDYA","Ideaya Biosciences Inc",653513954.4,19.86
"RYI","Ryerson Holding Corp",652529114.24,16.96
"CYD","China Yuchai International",652506891.3,15.96
"LOCO","El Pollo Loco Holdings Inc",648569576.62,17.78
"HARP","Harpoon Therapeutics Inc",648524591.94,19.94
"PYR","PyroGenesis Canada Inc",645651000,4.05
"GNK","Genco Shipping & Trading Ltd",645032328.48,15.39
"PDFS","PDF Solutions Inc",643685995.68,17.43
"AMSWA","American Software Inc - Class A",642383647,19.64
"LBC","Luther Burbank Corp",641184199.16,12.28
"INBX","Inhibrx Inc",640577858.08,16.97
"SRLP","Sprague Resources LP",639920622,24.4
"SVA","Sinovac Biotech Ltd",639903982.21,6.47
"TPCO","Tribune Publishing Company",638663707.36,17.32
"LMACA","Liberty Media Acquisition Corp - Series A",637812500,10.205
"TREB","Trebia Acquisition Corp - Class A",637171875,9.85
"VGAC","VG Acquisition Corp - Class A",633780437.5,9.97
"GLT","Glatfelter Corporation",632991609.92,14.24
"CONN","Conns Inc",632028166,21.56
"PHVS","Pharvaris NV",631749013.2,20.7
"CLDT","Chatham Lodging Trust",631060575.64,12.98
"ISEE","IVERIC bio Inc",630883260.84,6.99
"SXC","SunCoke Energy Inc",630631850,7.6
"MSDAU","MSD Acquisition Corp - Units (1 Ord Share Class A & 1/5 War)",630000000,10.08
"TMDX","Transmedics Group Inc",628167190.38,22.74
"KDMN","Kadmon Holdings Inc",627704603.6,3.65
"CMO","Capstead Mortgage Corp",627574456.8,6.48
"WPCB-U","Warburg Pincus Capital Corp I B - Units (1 Ord Class A & 1/5 War)",626875000,10.03
"RIGL","Rigel Pharmaceuticals",626204745.44,3.68
"CRNX","Crinetics Pharmaceuticals Inc",625929627.15,16.65
"HIIIU","Hudson Executive Investment Corp III - Units (1 Ord Share Class A & 1/5 War)",625625000,10.01
"SLAMU","Slam Corp - Units (1 Ord Share Class A & 1/4 War)",625625000,10.01
"LGV-U","Longview Acquisition Corp II - Units (1 Ord Share Class A & 1/5 War)",625625000,10.01
"CURO","CURO Group Holdings Corp",625319669.36,15.02
"APGB-U","Apollo Strategic Growth Capital II - Units (1 Ord Share Class A & 1/5 War)",625000000,10
"MUX","McEwen Mining Inc",624494851.76,1.36
"WIFI","Boingo Wireless Inc",623829079.4,13.94
"MIT-U","Mason Industrial Technology Inc - Units (1 Ord Share Class A & 1/3 War)",623750000,9.98
"EOSE","Eos Energy Enterprises Inc - Class A",623169145.77,12.03
"PNTM-U","Pontem Corp - Units (1 Ord Share Class A & 1/3 War)",622500000,9.96
"KNOP","KNOT Offshore Partners LP",622495549.76,19.04
"EGLX","Enthusiast Gaming Holdings Inc",622240717.33,5.93
"DGII","Digi International Inc",620698371.84,18.24
"NVGS","Navigator Holdings Ltd",620234014.84,11.11
"LCAHU","Landcadia Holdings IV Inc - Units (1 Ord Share Class A & 1/4 War)",619912500,9.9186
"LXFR","Luxfer Holdings PLC",619783859.16,22.28
"MCS","Marcus Corp",619656326.52,19.74
"DMS","Digital Media Solutions Inc - Class A",619539544.4,10.61
"WPCB","Warburg Pincus Capital Corp I B - Class A",619375000,9.91
"VERU","Veru Inc",619141214.58,7.77
"CCV","Churchill Capital Corp V - Class A",618750000,9.9
"ACIC","Atlas Crest Investment Corp - Class A",617500000,9.88
"CFIV","CF Acquisition Corp IV - Class A",615950000,9.7
"EVLO","Evelo Biosciences Inc",615934598.28,11.54
"KOPN","Kopin Corp",615260044.02,6.74
"LEAP","Ribbit LEAP Ltd - Class A",614887550,10.51
"ZEPP","Zepp Health Corporation",614731738.0725,9.83
"TPGY","TPG Pace Beneficial Finance Corp - Class A",613812500,14.03
"CLVS","Clovis Oncology Inc",613796420.86,5.87
"APGB","Apollo Strategic Growth Capital II - Class A",613750000,9.82
"XXII","22nd Century Group Inc",612825535.26,4.02
"HIII","Hudson Executive Investment Corp III - Class A",612500000,9.8
"BTCM","BIT Mining Ltd",612071846.593,13.2
"LXRX","Lexicon Pharmaceuticals Inc",610760389.77,4.23
"LGV","Longview Acquisition Corp II - Class A",610625000,9.77
"CO","Global Cord Blood Corp",607755375,5.19
"TWI","Titan International Inc",607689005.7,9.86
"CCRN","Cross Country Healthcares Inc",607596598.77,16.13
"BLX","Banco Latinoamericano De Comercio Exterior SA - Class E",607072482,15.3
"UPC","Universe Pharmaceuticals INC",606163426.77,3.19
"MIT","Mason Industrial Technology Inc - Class A",605625000,9.69
"DX","Dynex Capital Inc",604930756.71,19.59
"CPLG","CorePoint Lodging Inc",604547476.09,10.33
"CMLF","CM Life Sciences Inc - Class A",603246875,10.9
"ACRE","Ares Commercial Real Estate Corp",602656680.48,14.88
"IKNA","Ikena Oncology Inc",602176575.11,17.41
"MGI","Moneygram International Inc",600742646.14,7.54
"CELJF","Cellcom Israel Ltd",600642388.35,3.58
"TDW","Tidewater Inc - New",600513022.2,14.7
"HESM","Hess Midstream LP - Class A",600170855.49,23.97
"BIOX","Bioceres Crop Solutions Corp",599901963.78,15.78
"FNCH","Finch Therapeutics Group Inc",597558134.04,13.02
"CMTL","Comtech Telecommunications Corp",597007867.61,23.87
"SCR","Score Media and Gaming Inc - Class A - Class A (Sub Voting)",594751207.52,13.69
"LOTZ","CarLotz Inc - Class A",594494413.8,5.23
"ALLT","Allot Ltd",593543752.45,16.775
"ALPP","Alpine 4 Holdings Inc - Class A",592402511.9,3.7
"CTT","CatchMark Timber Trust Inc - Class A",590757070.48,12.08
"ZEV","Lightning eMotors Inc",589770810.5,7.25
"OG","Onion Global Ltd",589757374.8,6.38
"XENT","Intersect ENT Inc",588576576.48,17.76
"ESPR","Esperion Therapeutics Inc",588369836.58,20.87
"QTT","Qutoutiao Inc",587815638.88,1.96
"SMTS","Sierra Metals Inc",587746096.33,3.61
"AUD","Audacy Inc - Class A",586918766.72,4.16
"AVD","American Vanguard Corp",585124189.78,18.98
"MGTX","MeiraGTx Holdings plc",584966184.33,13.21
"IPOD","Social Capital Hedosophia Holdings Corp IV - Class A",584200000,10.16
"TLMD","SOC Telemed Inc - Class A",581174486.6,7.57
"AGCB","Altimeter Growth Corp 2 - Class A",579937500,10.31
"SEAH","Sports Entertainment Acquisition Corp - Class A",579375000,10.3
"VACC","Vaccitech plc",579093865,17
"VYGG","Vy Global Growth - Class A",576725000,10.03
"PACE","TPG Pace Tech Opportunities Corp - Class A",576562500,10.25
"REV","Revlon Inc - Class A",574443635.28,10.74
"GFN","General Finance Corporation",573368430.96,18.96
"ICPT","Intercept Pharmaceuticals Inc",572239886.82,17.26
"VRS","Verso Corp - Class A",572034482.4,17.52
"MPX","Marine Products Corp",571777145.7,16.82
"IVA","Inventiva",569796349.75,14.75
"SNR","New Senior Investment Group Inc",569136435.21,6.79
"CPRX","Catalyst Pharmaceuticals Inc",567468821.16,5.49
"PLYM","Plymouth Industrial Reit Inc",566924910.32,19.28
"TLIS","Talis Biomedical Corp",565558012.63,10.19
"WNDW","SolarWindow Technologies Inc",565481973.37,10.25
"EBF","Ennis Inc",565397131.44,21.66
"AWH","Aspira Women`s Health Inc",565287271.12,5.06
"KVSC","Khosla Ventures Acquisition Co III - Class A",561874000,9.98
"DLTH","Duluth Holdings Inc - Class B",561811441.77,17.07
"FLIC","First Of Long Island Corp",561306671.6,23.6
"EBON","Ebang International Holdings Inc - Class A",559364364.37,3.01
"VERI","Veritone Inc",558561339.71,17.09
"OPRT","Oportun Financial Corp",558479103.4,19.96
"INSW","International Seaways Inc",558369778.68,19.88
"PROS","Prosight Global Inc",557310692.68,12.73
"KE","Kimball Electronics Inc",554795466.03,22.23
"HMLP","Hoegh LNG Partners LP",554585509.35,16.65
"HAAC","Health Assurance Acquisition Corp - Class A",554006250,10.05
"USX","U.S. Xpress Enterprises Inc - Class A",553652139.32,11.02
"SIFY","Sify Technologies Ltd",552007600.76,3.04
"IMXI","International Money Express Inc",551917540.8,14.1
"GLOG","GasLog Ltd",551071604.97,5.79
"JIH","Juniper Industrial Holdings Inc - Class A",549843750,12.75
"MRNS","Marinus Pharmaceuticals Inc",549774253.8,15.03
"PSTX","Poseida Therapeutics Inc",549447645.24,8.84
"ACHL","Achilles Therapeutics Plc",546362550.95,13.45
"BCOV","Brightcove Inc",546323984.14,13.54
"AKBA","Akebia Therapeutics Inc",545992705.83,3.41
"CTMX","CytomX Therapeutics Inc",545443380.7,8.39
"FSP","Franklin Street Properties Corp",544153968.93,5.07
"CSTE","Caesarstone Ltd",543764903.84,15.79
"WTI","W & T Offshore Inc",542181173.7,3.81
"TG","Tredegar Corp",541533122.64,16.08
"KODK","Eastman Kodak Company",539318880.12,6.87
"HOOK","Hookipa Pharma Inc",539044171.2,18.08
"NLS","Nautilus Inc",538979383.8,17.55
"NBTX","Nanobiotix",538862709.3,15.65
"SWIR","Sierra Wireless Inc",538305753.3,14.7
"NDLS","Noodles & Company - Class A",536506080.6,11.8
"CCAP","Crescent Capital BDC Inc",535179840,19
"DTIL","Precision Biosciences Inc",535100305.32,9.39
"CRD-A","Crawford & Co. - Class A",533929716.32,10.01
"ADAG","Adagene Inc",531465732,12.6
"ITRN","Ituran Location and Control Ltd US",530779494.91,22.61
"CHS","Chico`s Fas Inc",530291727.97,4.43
"REVHU","Revolution Healthcare Acquisition Corp - Units (1 Ord Share Class A & 1/5 War)",530250000,10.1
"ASPN","Aspen Aerogels Inc",529299578.24,18.67
"SPPI","Spectrum Pharmaceuticals Inc",528825475.84,3.44
"MAXN","Maxeon Solar Technologies Ltd",526924298,15.5
"ALT","Altimmune Inc",526792331.68,14.18
"DMLP","Dorchester Minerals LP",526785767.06,15.19
"RMNI","Rimini Street Inc",526091220,6.17
"MIRM","Mirum Pharmaceuticals Inc",524711634.02,17.23
"SIGA","SIGA Technologies Inc",523327736.64,6.88
"CMLTU","CM Life Sciences III Inc - Units (1 Ord Class A & 1/5 War)",522500000,10.45
"ASLE","AerSale Corp",521833521.15,12.15
"IIJIY","Internet Initiative Japan Inc",521326008,24.089
"RMGCU","RMG Acquisition Corp III - Units (1 Ord Share Class A & 1/5 War)",521325000,9.93
"ORC","Orchid Island Capital Inc",520204389.6,5.51
"XBIT","XBiotech Inc",518419919.29,17.29
"ACTC","ArcLight Clean Transition Corp - Class A",517190625,14.91
"HCKT","Hackett Group Inc (The)",516266104.2,17.07
"JOAN","JOANN Inc",516215550.76,12.74
"HMTV","Hemisphere Media Group Inc - Class A",516046774.44,12.86
"RAPT","RAPT Therapeutics Inc",515435634.27,20.61
"FLY","Fly Leasing Ltd",515434876.79,16.91
"REVH","Revolution Healthcare Acquisition Corp - Class A",514500000,9.8
"IBCP","Independent Bank Corporation (Ionia MI)",513479497.43,23.57
"TALS","Talaris Therapeutics Inc",513399529.5,12.45
"ACND","Ascendant Digital Acquisition Corp - Class A",513360000,9.92
"FMAC","FirstMark Horizon Acquisition Corp - Class A",512842500,9.91
"NAT","Nordic American Tankers Ltd",511887858.56,3.38
"RMGC","RMG Acquisition Corp III - Class A",511875000,9.75
"EQD","Equity Distribution Acquisition Corp - Class A",511807500,9.89
"CLNN","Clene Inc",511743941.38,8.59
"HEC","Hudson Executive Investment Corp - Class A",510772500,9.87
"HBT","HBT Financial Inc",510384460.35,18.65
"IH","iHuman Inc",509781994.384,9.56
"ARLO","Arlo Technologies Inc",509596620.06,6.27
"RADA","Rada Electronic Industries",508952551.44,11.64
"VECT","VectivBio Holding AG",508518165.35,14.95
"BRY","Berry Corp",507772148.82,6.31
"NGAB","Northern Genesis Acquisition Corp II",507667500,9.81
"MAAC","Montes Archimedes Acquisition Corp - Class A",506723618.73,9.87
"WSBF","Waterstone Financial Inc",506664262.72,20.08
"NBRV","Nabriva Therapeutics Plc",506500737.6,1.43
"MGTA","Magenta Therapeutics Inc",505550853.6,10.4
"GMIIU","Gores Metropoulos II Inc - Units (1 Ord Share Class A & 1/5 War)",505500000,10.11
"VSTM","Verastem Inc",505442874.3,2.94
"MOTV","Motive Capital Corp - Class A",505080000,9.76
"SNRH","Senior Connect Acquisition Corp I - Class A",505080000,9.76
"DCRNU","Decarbonization Plus Acquisition Corp II - Units (1 Ord Share Class A & 1/3 War)",504131250,10.02
"AMAL","Amalgamated Financial Corp",503382131.76,16.14
"CCVI-U","Churchill Capital Corp VI - Units (1 Ord Share Class A & 1/5 War)",502000000,10.04
"RYAM","Rayonier Advanced Materials Inc",501783115.17,7.89
"NSTD-U","Northern Star Investment Corp IV - Units (1 Ord Share Class A & 1/6 War)",501500000,10.03
"SVAC","Starboard Value Acquisition Corp - Class A",500240228.4,9.9
"DGNU","Dragoneer Growth Opportunities Corp III - Class A",500000000,10
"AAQC-U","Accelerate Acquisition Corp - Units (1 Ord Share Class A & 1/3 War)",500000000,10
"TSPQ-U","TCW Special Purpose Acquisition Corp - Units (1 Ord Class A & 1/3 War)",500000000,10
"GSEVU","Gores Holdings VII Inc - Units (1 Ord Share Class A & 1/8 War)",500000000,10
"GTPBU","Gores Technology Partners II Inc - Units (1 Ord Share Class A & 1/5 War)",500000000,10
"NSTC-U","Northern Star Investment Corp III - Units (1 Ord Share Class A & 1/6 War)",499500000,9.99
"BFST","Business First Bancshares Inc",498814402.03,23.99
"CLSK","Cleanspark Inc",498700889.36,14.66
"VIOT","Viomi Technology Co Ltd",498025233.0432,7.38
"NGCAU","NextGen Acquisition Corp II - Units (1 Ord Share Class A & 1/5 War)",498000000,9.96
"SPNV","Supernova Partners Acquisition Company Inc - Class A",497590625,9.89
"ACQRU","Independence Holdings Corp - Units (1 Ord Share Class A & 1/5 War)",497500000,9.95
"BWB","Bridgewater Bancshares Inc",497285555.43,17.67
"MBAC-U","M3 Brigade Acquisition II Corp - Units (1 Ord Share Class A & 1/3 War)",497000000,9.94
"GTX","Garrett Motion Inc - New",496819325.76,6.53
"CTAQ","Carney Technology Acquisition Corp II - Class A",496761250,9.7
"STPC","Star Peak Corp II - Class A",496584375,9.87
"NSTD","Northern Star Investment Corp IV - Class A",496500000,9.93
"EPHY","Epiphany Technology Acquisition Corp - Class A",495791250,9.7
"NSTB","Northern Star Investment Corp II - Class A",495500000,9.91
"CDXC","Chromadex Corp",495228274.92,7.29
"STXS","Stereotaxis Inc",494920970.94,6.71
"MBI","MBIA Inc",494577383.3,9.1
"GMII","Gores Metropoulos II Inc - Class A",494500000,9.89
"VNTR","Venator Materials PLC",493384987.6,4.6
"CCVI","Churchill Capital Corp VI - Class A",492500000,9.85
"GSEV","Gores Holdings VII Inc - Class A",492500000,9.85
"FREE","Whole Earth Brands Inc - Class A",492245629.89,12.81
"BEDU","Bright Scholar Education Holdings Ltd",491867328.88,4.13
"IIAC","Investindustrial Acquisition Corp - Class A",491050000,9.76
"EZOO","Ezagoo Ltd",490623418.34,4.09
"CEIX","Consol Energy Inc",490411502.4,14.24
"MBAC","M3 Brigade Acquisition II Corp - Class A",490000000,9.8
"PACX","Pioneer Merger Corp - Class A",489037500,9.72
"PRPC-U","CC Neuberger Principal Holdings III - Units (1 Ord Share Class A & 1/5 War)",488475000,10.02
"GILT","Gilat Satellite Networks",488369218.02,8.79
"GTPB","Gores Technology Partners II Inc - Class A",488000000,9.76
"AAQC","Accelerate Acquisition Corp - Class A",487500000,9.75
"SPLP","Steel Partners Holdings LP",485550702,21.15
"IMPX","AEA-Bridges Impact Corp - Class A",485500000,9.71
"FMNB","Farmers National Banc Corp",485488957.1,17.15
"ATRO","Astronics Corp",485214363.99,15.69
"COOL","Corner Growth Acquisition Corp - Class A",485000000,9.7
"CURI","CuriosityStream Inc - Class A",484660723.58,9.22
"TNK","Teekay Tankers Ltd - Class A",484142352.05,14.35
"TSPQ","TCW Special Purpose Acquisition Corp - Class A",484005000,9.6801
"NPCE","NeuroPace Inc",483080471.28,21.72
"ASTI","Ascent Solar Technologies Inc",482488845.3399,0.0263
"CANF","Can-Fite Biopharma Ltd",482320241.52,2.05
"ZYXI","Zynex Inc",481580785.92,13.82
"KBAL","Kimball International Inc - Class B",481512534.58,13.09
"GHVI","Gores Holdings VI Inc - Class A",480843750,11.15
"CIO","City Office REIT Inc",480406085.19,11.07
"SOI","Solaris Oilfield Infrastructure Inc - Class A",479232335.16,10.49
"BVH","Bluegreen Vacations Holding Corporation - Class A",478978235.98,21.79
"BEST","BEST Inc",478867566.78,1.28
"CTOS","Custom Truck One Source Inc",478786774.22,9.74
"PRPC","CC Neuberger Principal Holdings III - Class A",478725000,9.82
"RGP","Resources Connection Inc",478559660.76,14.58
"NPTN","NeoPhotonics Corporation",478393074.28,9.32
"QD","Qudian Inc",478179824.22,1.95
"BTBT","Bit Digital Inc",478035690.6,9.95
"PFLT","PennantPark Floating Rate Capital Ltd",477671951.68,12.32
"CSWC","Capital Southwest Corp",477623065.92,24.04
"APTS","Preferred Apartment Communities Inc - Class A",475898690.5,9.5
"GMTX","Gemini Therapeutics Inc",475135237.2,11.05
"GFASY","Gafisa S.A.",475068239.58,1.65
"VKTX","Viking Therapeutics Inc",474849021.44,6.08
"SOLY","Soliton Inc",473500726.905,22.335
"CSTR","CapStar Financial Holdings Inc",472383360.44,21.38
"BNFT","Benefitfocus Inc",471498585.39,14.21
"CAMP","Calamp Corp",470835751.92,13.36
"LABP","Landos Biopharma Inc",468172368.66,11.67
"DGICA","Donegal Group Inc - Class A",467587933.5,15.15
"AHT","Ashford Hospitality Trust Inc",465056646.4,3.2
"MTEM","Molecular Templates Inc",464673616.74,8.29
"PRTH","Priority Technology Holdings Inc",463993304.88,6.86
"SSPK","Silver Spike Acquisition Corp - Class A",463728853,14.84
"NGAC","NextGen Acquisition Corp - Class A",463125000,9.88
"PLSE","Pulse Biosciences Inc",463056177.5,17.5
"NAAC","North Atlantic Acquisition Corp - Class A",461566875,9.73
"LEGH","Legacy Housing Corp",461544173.17,19.07
"TRUE","Truecar Inc",461425383.64,4.67
"KVSB","Khosla Ventures Acquisition Co II - Class A",461000000,10
"TPVG","TriplePoint Venture Growth BDC Corp",460974154.83,14.91
"NLTX","Neoleukin Therapeutics Inc",460721433.6,10.88
"VIEW","View Inc - Class A",459828000,7.23
"LHC","Leo Holdings Corp II - Class A",459375000,9.8
"GIGGU","Gigcapital4 Inc - Units (1 Ord Share & 1/3 War)",458577008,9.98
"GNUS","Genius Brands International Inc",456488920.16,1.52
"GERN","Geron Corp",455551536.44,1.43
"CDZI","Cadiz Inc",455514269.76,11.88
"GAIN","Gladstone Investment Corp",454908815.1,13.7
"FSNB-U","Fusion Acquisition Corp II - Units (1 Ord Share Class A & 1/3 War)",454881250,9.97
"BBCP","Concrete Pumping Holdings Inc - Class A",453448430.82,8.03
"RBB","RBB Bancorp",452705541.12,23.13
"UVE","Universal Insurance Holdings Inc",450758043.64,14.44
"CLMT","Calumet Specialty Products",450028218.64,5.72
"APXT","Apex Technology Acquisition Corp - Class A",449610400,10.09
"AKUS","Akouos Inc",448946400.15,13.05
"SMMT","Summit Therapeutics Inc",448576582.49,6.85
"TCVA","TCV Acquisition Corp - Class A",447947500,10.01
"ACIU","AC Immune SA",446727142.98,6.66
"GIG","Gigcapital4 Inc",445711120,9.7
"HIGA","H.I.G. Acquisition Corp - Class A",445377693.75,9.79
"VAPO","Vapotherm Inc",444124738.3,17.14
"FSNB","Fusion Acquisition Corp II - Class A",442562500,9.7
"RCEL","AVITA Medical Inc",441392236.64,17.62
"OYST","Oyster Point Pharma Inc",441102670.44,16.98
"SESN","Sesen Bio Inc",440149708.98,2.54
"CUE","Cue Biopharma Inc",439779774,14
"TTI","Tetra Technologies Inc",439258597.24,3.47
"FLMN","Falcon Minerals Corp - Class A",438803133.03,5.09
"ALTG","Alta Equipment Group Inc - Class A",438243681.15,14.85
"ADN","Advent Technologies Holdings Inc - Class A",438006496.5,9.5
"LHC-U","Leo Holdings Corp II - Units (1 Ord Share Class A & 1/4 War)",437937500,10.01
"APTO","Aptose Biosciences Inc",437600755.56,4.92
"TETCU","Tech and Energy Transition Corp - Units (1 Ord Share Class A & 1/3 War)",437500000,10
"BMEA","Biomea Fusion Inc",437376586.68,16.04
"DCRCU","Decarbonization Plus Acquisition Corp III - Units (1 Ord Share Class A & 1/3 War)",436625000,9.98
"BTAQ","Burgundy Technology Acquisition Corp - Class A",436572500,9.88
"POWW","AMMO Inc",435340087.86,6.34
"PCPC","Periphas Capital Partnering Corp - Class A",434963200,24.5
"PRVB","Provention Bio Inc",434750702.68,6.86
"THBR","Thunder Bridge Acquisition II Ltd - Class A",434700000,10.08
"MPAA","Motorcar Parts of America Inc",433911768.84,22.77
"ETNB","89bio Inc",433834765.5,21.75
"RICE","Rice Acquisition Corp - Class A",433612387,14.62
"CENHU","Centricus Acquisition Corp - Units (1 Ord Class A & 1/4 War)",432975000,10.04
"ATNX","Athenex Inc",432496237.5,4.625
"GRTS","Gritstone Bio Inc",432448908.12,8.79
"DSSI","Diamond S Shipping Inc",432334928.85,10.65
"FUSE","Fusion Acquisition Corp - Class A",431812500,9.87
"DZSI","DZS Inc",431759683.44,16.04
"LUXA","Lux Health Tech Acquisition Corp - Class A",431681250,10.01
"UWMC","UWM Holdings Corporation Class A",431375000,8.12
"ACII-U","Atlas Crest Investment Corp II - Units (1 Ord Share Class A & 1/4 War)",431250000,10
"REKR","Rekor Systems Inc",430442355,10.5
"SGTX","Sigilon Therapeutics Inc",430379763.45,13.65
"HT","Hersha Hospitality Trust",430064053.93,10.99
"KURIU","Alkuri Global Acquisition Corp - Units (1 Ord Share Class A & 1/4 War)",429956250,9.97
"SNPR","Tortoise Acquisition Corp II - Class A",429956250,9.97
"FCAC","Falcon Capital Acquisition Corp - Class A",429525000,9.96
"FAII","Fortress Value Acquisition Corp II - Class A",429093750,9.95
"TXMD","TherapeuticsMD Inc",428577100,1.09
"IGIC","International General Insurance Holdings Ltd",428416073.82,8.82
"MCBS","MetroCity Bankshares Inc",427796430.24,16.68
"DEH","D8 Holdings Corp - Class A",427368750,9.91
"SPFR","Jaws Spitfire Acquisition Corp - Class A",427368750,9.91
"AKTS","Akoustis Technologies Inc",427173165.12,8.48
"SPRQ","Spartan Acquisition Corp II - Class A",426937500,9.9
"CAP","Capitol Investment Corp V - Class A",426937500,9.9
"MOSC","Mosaic Acquisition Corp. Class A",426937500,9.9
"CNTY","Century Casinos Inc",426781131.66,14.43
"ANZU","Anzu Special Acquisition Corp I - Class A",425687500,9.73
"RMGB","RMG Acquisition Corp II - Class A",425212500,9.86
"PNNT","PennantPark Investment Corporation",425065965.7,6.34
"MTL","Mechel PJSC",424596159.9,2.03
"AXDX","Accelerate Diagnostics Inc",424255945.95,6.95
"NOA","North American Construction Group Ltd",424241848.08,13.8
"CENH","Centricus Acquisition Corp - Class A",423918750,9.83
"AVDL","Avadel Pharmaceuticals plc",422864993.73,7.23
"LSEA","Landsea Homes Corporation - Class A",422551568.5,9.14
"ERES","East Resources Acquisition Co - Class A",421762500,9.78
"YAC","Yucaipa Acquisition Corporation - Class A",421762500,9.78
"VTIQ","VectoIQ Acquisition Corp II",421331250,9.77
"SPFI","South Plains Financial Inc",420784406.02,23.33
"SOL","Renesola",420775792.92,7.35
"DHHC","DiamondHead Holdings Corp - Class A",420468750,9.75
"SGU","Star Group L.P.",420081974.4,10.45
"ACII","Atlas Crest Investment Corp II - Class A",419390625,9.725
"ATER","Aterian Inc",419243326.64,13.69
"WIMI","Wimi Hologram Cloud Inc",419236448.695,5.02
"KURI","Alkuri Global Acquisition Corp - Class A",419175000,9.72
"ACET","Adicet Bio Inc",418864973.46,13.18
"ENPC","Executive Network Partnering Corporation - Class A",418477400,9.7
"GMBT","Queens Gambit Growth Capital - Class A",418312500,9.7
"OIS","Oil States International Inc",417937067.9,6.82
"GFX","Golden Falcon Acquisition Corp - Class A",417018750,9.67
"SLCR","Silver Crest Acquisition Corp - Class A",417018750,9.67
"PPGH","Poema Global Holdings Corp - Class A",416156250,9.65
"NODK","NI Holdings Inc",415450061.73,19.47
"IBEX","IBEX Ltd",415174764.64,23.08
"NLST","Netlist Inc",414975142.11,1.93
"RAIN","Rain Therapeutics Inc",414727485.2,15.97
"FDUS","Fidus Investment Corp",414702678,16.97
"PBYI","Puma Biotechnology Inc",414113258.16,10.26
"FPI","Farmland Partners Inc",413897687.37,13.47
"CBAH","CBRE Acquisition Holdings Inc - Class A",412904625,9.77
"TWND","Tailwind Acquisition Corp - Class A",412756394.44,9.88
"VGII-U","Virgin Group Acquisition Corp II - Units (1 Ord Share Class A & 1/5 War)",412500000,10
"TERN","Terns Pharmaceuticals Inc",411297428.64,16.37
"FLXN","Flexion Therapeutics Inc",411023227.87,8.23
"ASXC","Asensus Surgical Inc",410408509.28,1.76
"RLGT","Radiant Logistics Inc",409476102.58,8.17
"NEXI","Neximmune Inc",409185010.26,17.98
"NFC","New Frontier Corporation Class A",409075875,10.11
"CVGI","Commercial Vehicle Group Inc",408734816.84,12.41
"ARAY","Accuray Inc",408481664.52,4.38
"AFIB","Acutus Medical Inc",408220408.12,14.53
"ANGN","Angion Biomedica Corp",407475651.8,13.82
"CDAK","Codiak Biosciences Inc",407370957.84,18.48
"PERI","Perion Network Ltd",406723853.38,14.87
"DSKE","Daseke Inc",406156557.87,6.23
"YJ","Yunji Inc",405320428.28,1.9
"YTPG","TPG Pace Beneficial II Corp - Class A",404653001.13,10.17
"TRC","Tejon Ranch Company",404641751.04,15.36
"ACTT","ACT TELECONFERENCING INC",404625000,10.79
"EZPW","EZCorp Inc - Class A",404308670.36,7.24
"OSBC","Old Second Bancorporation Inc",404033294,14
"COE","China Online Education Group",403320870.8568,18.5
"NSS","NuStar Logistics LP",402191097.24,24.61
"AMYT","Amryt Pharma Plc",401822359.68,11.2
"MDCA","MDC Partners Inc - Class A",401362187.2,5.2
"REPYY","Repsol S.A",401241029.1,13.685
"STXB","Spirit of Texas Bancshares Inc",401206455,23.4
"ISLE","Isleworth Healthcare Acquisition Corp",401186364.3,9.7
"HCAR","Healthcare Services Acquisition Corp - Class A",401166000,9.69
"GSS","Golden Star Resources Ltd",400728942,3.6
"AXTI","AXT Inc",400666078.96,9.52
"JCAP","Jernigan Capital Inc",400591098.6,17.22
"FLDM","Fluidigm Corp",400301602.98,5.34
"VACQ","Vector Acquisition Corp - Class A",400000000,10
"PRSR","Prospector Capital Corp - Class A",398531250,9.81
"DRRX","Durect Corp",397960818.5,1.75
"SPRO","Spero Therapeutics Inc",397513211,13.4
"PV","Primavera Capital Acquisition Corporation - Class A",396975000,10.05
"PV-U","Primavera Capital Acquisition Corporation - Units (1 Ord Class A & 1/2 War)",396580000,10.04
"ZIXI","Zix Corp",395058521.46,6.94
"CVLG","Covenant Logistics Group Inc - Class A",395012442.96,23.58
"SB","Safe Bulkers Inc",394393932.84,3.86
"SIEN","Sientra Inc",394304275.11,6.855
"TMQ","Trilogy Metals Inc",393919273.02,2.73
"ATCX","Atlas Technical Consultants Inc - Class A",393729397.92,11.16
"ALTO","Alto Ingredients Inc",392179327.6,5.36
"SFTW","Osprey Technology Acquisition Corp - Class A",392150000,9.92
"EOLS","Evolus Inc",391413178.2,8.95
"INFU","InfuSystem Holdings Inc",391158710.67,19.11
"ATOS","Atossa Therapeutics Inc",390262708.64,3.23
"OTLK","Outlook Therapeutics Inc",390222022.5,2.25
"PPTA","Perpetua Resources Corp Com",389820110.14,8.21
"SWBK","Switchback II Corp - Class A",388987500,9.84
"JNCE","Jounce Therapeutics Inc",388671429.63,7.59
"EEX","Emerald Holding Inc",388615841.46,5.39
"AVRO","AvroBio Inc",386252716.8,9.28
"RTTO","Rito Group Corp",385921573.8,6.76
"AMSC","American Superconductor Corp",385866933.75,13.99
"BYTSU","BYTE Acquisition Corp - Units (1 Ord Class A & 1/2 War)",384914700,9.99
"KNDI","Kandi Technologies Group Inc",384476530.5,5.1
"TRIN","Trinity Capital Inc",384123473,14.5
"HMCO","HumanCo Acquisition Corp - Class A",383606250,9.98
"ICAD","Icad Inc",383495068.62,15.39
"MESA","Mesa Air Group Inc",383419729.14,10.74
"ONCR","Oncorus Inc",382854516.66,14.94
"TBCPU","Thunder Bridge Capital Partners III Inc - Units (1 Ord Share Class A & 1/5 War)",382750000,10
"FMIVU","Forum Merger IV Corp - Units (1 Ord Share Class A & 1/4 War)",382382343,9.9501
"NATR","Nature`s Sunshine Products Inc",382375497.69,19.17
"APLT","Applied Therapeutics Inc",382353969.04,14.66
"CSPR","Casper Sleep Inc",381156595.6,9.4
"GWRS","Global Water Resources Inc",379930092.72,16.82
"LCUT","Lifetime Brands Inc",379813397.76,17.28
"GBOX","GreenBox POS",379726907.82,9.22
"BYSI","BeyondSpring Inc",379676556.1,9.7
"LLNW","Limelight Networks Inc",379579463.28,3.02
"LND","Brasilagro Companhia Brasileira De Propriedade Agricola",379457279.11,6.08
"SPKE","Spark Energy Inc - Class A",379426211.64,10.71
"RVI","Retail Value Inc",379287703.48,17.99
"RAAC","Revolution Acceleration Acquisition Corp - Class A",379116663.37,9.89
"SSAA","Science Strategic Acquisition Corp Alpha - Class A",378033750,9.74
"OGI","OrganiGram Holdings Inc",377995159.74,2.58
"ATMR-U","Altimar Acquisition Corp II - Units (1 Ord Share Class A & 1/4 War)",377625000,10.07
"GXII","GX Acquisition Corp II - Class A",377250000,10.06
"SBEAU","SilverBox Engaged Merger Corp I - Units (1 Ord Share Class A & 1/3 War)",376875000,10.05
"WSR","Whitestone REIT",376871475.33,8.81
"PDAC","Peridot Acquisition Corp - Class A",376500000,10.04
"NSTC","Northern Star Investment Corp III - Class A",376265117.592,9.828
"HHLA-U","HH&L Acquisition Co - Units (1 Ord Class A & 1/2 War)",376125000,10.03
"NDAC","NightDragon Acquisition Corp - Class A",375936000,9.79
"HOL","Holicity Inc - Class A",375750000,10.02
"ESBA","Empire State Realty OP LP",375472661.04,11.56
"CSTA-U","Constellation Acquisition Corp I - Units (1 Ord Share Class A & 1/3 War)",375375000,10.01
"SPGS-U","Simon Property Group Acquisition Holdings Inc - Units (1 Ord Class A & 1/5 War)",375375000,10.01
"THCB","Tuscan Holdings Corp",375063787.14,10.57
"BSKYU","Big Sky Growth Partners Inc - Units (1 Ord Share Class A & 1/4 War)",375041250,10.0011
"FINMU","Marlin Technology Corp - Units (1 Ord Share Class A & 1/3 War)",375000000,10
"DMYI","dMY Technology Group Inc III - Class A",375000000,10
"GIIXU","Gores Holdings VIII Inc - Units (1 Ord Share Class A & 1/8 War)",375000000,10
"TWNT-U","Tailwind Two Acquisition Corp - Units (1 Ord Share Class A & 1/3 War)",375000000,10
"JOFFU","Joff Fintech Acquisition Corp - Units (1 Ord Share Class A & 1/3 War)",375000000,10
"ENNVU","ECP Environmental Growth Opportunities Corp - Units (1 Ord Class A & 1/4 War)",375000000,10
"DHHCU","DiamondHead Holdings Corp - Units (1 Ord Share Class A & 1/4 War)",375000000,10
"OOMA","Ooma Inc",374912000,16.16
"TIOAU","Tio Tech A - Units (1 Ord Share Class A & 1/3 War)",374625000,9.99
"TLYS","Tillys Inc - Class A",374491069.8,12.45
"KLDI","KLDiscovery Inc - Class A",374294641.6,8.8
"AGAC-U","African Gold Acquisition Corp - Units (1 Ord Class A & 3/4 War)",374250000,9.98
"OEPWU","One Equity Partners Open Water I Corp - Units (1 Ord Share Class A & 1/3 War)",374250000,9.98
"TACO","Del Taco Restaurants Inc",374189273.28,10.18
"QELL","Qell Acquisition Corp - Class A",374187000,9.86
"OHPAU","Orion Acquisition Corp - Units (1 Ord Share Class A & 1/4 War)",373875000,9.97
"PDOT-U","Peridot Acquisition Corp II - Units (1 Ord Share Class A & 1/5 War)",373875000,9.97
"TSIA","TS Innovation Acquisitions Corp - Class A",373875000,9.97
"ROSS-U","Ross Acquisition Corp II - Units (1 Ord Share Class A & 1/3 War)",373875000,9.97
"BTNB","Bridgetown 2 Holdings Ltd - Class A",373750000,10
"GXIIU","GX Acquisition Corp II - Units (1 Ord Share Class A & 1/3 War)",373500000,9.96
"TLGA-U","TLG Acquisition One Corp - Units (1 Ord Share Class A & 1/3 War)",373500000,9.96
"INZY","Inozyme Pharma Inc",373381178.7,15.9
"HYAC","Haymaker Acquisition Corp III - Class A",373252500,9.9534
"SLAC-U","Social Leverage Acquisition Corp I - Units (1 Ord Share Class A & 1/4 War)",373218750,9.9525
"FCAX-U","Fortress Capital Acquisition Corp - Units (1 Ord Class A & 1/5 War)",373125000,9.95
"SCOBU","ScION Tech Growth II - Units (1 Ord Share Class A & 1/3 War)",373125000,9.95
"LEGAU","Lead Edge Growth Opportunities Ltd - Units (1 Ord Share Class A & 1/4 War)",373125000,9.95
"PLMIU","Plum Acquisition Corp I - Units (1 Ord Share Class A & 1/5 War)",373125000,9.95
"HYACU","Haymaker Acquisition Corp III - Units (1 Ord Share Class A & 1/4 War)",373125000,9.95
"GMDA","Gamida Cell Ltd",372880966.96,6.32
"NL","NL Industries Inc",372747837.76,7.64
"BNED","Barnes & Noble Education Inc",372497119.25,7.25
"ACAHU","Atlantic Coastal Acquisition Corp - Units (1 Ord Share Class A & 1/3 War)",372375000,9.93
"NAACU","North Atlantic Acquisition Corp - Units (1 Ord Share Class A & 1/3 War)",372375000,9.93
"FRX","Forest Road Acquisition Corp - Class A",372375000,9.93
"FOA","Finance of America Companies Inc",372312500,10.36
"CHPM","CHP Merger Corp - Class A",372000000,9.92
"QMCO","Quantum Corp",371905776.1,8.95
"OHPA","Orion Acquisition Corp - Class A",371700000,9.912
"TBCP","Thunder Bridge Capital Partners III Inc - Class A",371650250,9.71
"TIPT","Tiptree Inc",371489498.1,11.34
"XONE","ExOne Company",371469806.4,19.36
"BYTS","BYTE Acquisition Corp - Class A",371043900,9.63
"BSN","Broadstone Acquisition Corp - Class A",370943154.72,9.72
"RSTN","RDE Inc",370920332.84,2.84
"CIVB","Civista Bancshares Inc",370570942.12,23.72
"SPGS","Simon Property Group Acquisition Holdings Inc - Class A",370500000,9.88
"ATAX","America First Multifamily Investors LP",370214258.2,6.1
"QTNT","Quotient Ltd",370147705.98,3.66
"NGAB-U","Northern Genesis Acquisition Corp II - Units (1 Ord & 1/3 War)",370125000,9.87
"ATMR","Altimar Acquisition Corp II - Class A",369750000,9.86
"LUNA","Luna Innovations Inc",369550246.34,11.77
"GIIX","Gores Holdings VIII Inc - Class A",369375000,9.85
"ENNV","ECP Environmental Growth Opportunities Corp - Class A",369375000,9.85
"CSTA","Constellation Acquisition Corp I - Class A",368625000,9.83
"FRST","Primis Financial Corp",368201559.17,15.01
"VRA","Vera Bradley Inc",367893534.9,11.01
"PDOT","Peridot Acquisition Corp II - Class A",367875000,9.81
"SBEA","SilverBox Engaged Merger Corp I - Class A",367500000,9.8
"CLAA","Colonnade Acquisition Corp II - Class A",367500000,9.8
"SURF","Surface Oncology Inc",367407817.2,8.46
"FACA-U","Figure Acquisition Corp I - Units (1 Ord Class A & 1/4 War)",366785706.95,10.27
"FRXB","Forest Road Acquisition Corp II - Class A",366686250,9.7783
"FCAX","Fortress Capital Acquisition Corp - Class A",366375000,9.77
"XPOA","DPCM Capital Inc - Class A",366375000,9.77
"AGLE","Aeglea BioTherapeutics Inc",366206590.8,7.47
"ALTU","Altitude Acquisition Corp - Class A",366000000,9.76
"FIXX","Homology Medicines Inc",365908151.55,6.41
"JOFF","Joff Fintech Acquisition Corp - Class A",365250000,9.74
"CHAA","Catcha Investment Corp - Class A",365037187.5,9.63
"PLMI","Plum Acquisition Corp I - Class A",364875000,9.73
"HTPA","Highland Transcend Partners I Corp - Class A",364875000,9.73
"ACAH","Atlantic Coastal Acquisition Corp - Class A",364500000,9.72
"SCOB","ScION Tech Growth II - Class A",364312500,9.715
"ATHX","Athersys Inc",364221871.48,1.64
"ESM","ESM Acquisition Corp - Class A",364125000,9.71
"TLGA","TLG Acquisition One Corp - Class A",363750000,9.7
"CTSO","Cytosorbents Corp",363448901.83,8.39
"LNDC","Landec Corp",363433788.48,12.39
"PTOC","Pine Technology Acquisition Corp - Class A",363375000,9.69
"GXGX","Gx Acquisition Corp - Class A",363328125,10.11
"FRGI","Fiesta Restaurant Group Inc",363244852.36,13.82
"IGAC","IG Acquisition Corp - Class A",363000000,9.68
"BSPE","Bespoke Capital Acquisition Corp",362880000,10.08
"CLPT","ClearPoint Neuro Inc",362703160.42,17.47
"GLAD","Gladstone Capital Corp",362401011.63,10.77
"FINM","Marlin Technology Corp - Class A",362250000,9.66
"KLR","Kaleyra Inc",362225877.52,11.57
"HHLA","HH&L Acquisition Co - Class A",361875000,9.65
"TWNT","Tailwind Two Acquisition Corp - Class A",361875000,9.65
"NCMI","National Cinemedia Inc",361333187.55,4.47
"SPRB","Spruce Biosciences Inc",361179016,15.5
"OCX","OncoCyte Corp",360991424.64,4.06
"MDVL","MedAvail Holdings Inc",360920847.4,11.3
"LTRPA","Liberty TripAdvisor Holdings Inc - Series A",360919994.5,4.78
"AMPE","Ampio Pharmaceuticals Inc",360067995.52,1.84
"DSPG","DSP Group Inc",360009980.52,14.86
"BDSI","Biodelivery Sciences International",359720348,3.65
"NXU-U","Novus Capital Corp II - Units (1 Ord Share Class A & 1/3 War)",359375000,10
"SVFC","SVF Investment Corp 3 - Class A",359240400,9.99
"AGMH","AGM Group Holdings Inc - Class A",359118379.8,12.62
"KVSA","Khosla Ventures Acquisition Co - Class A",359000000,10
"TK","Teekay Corp",358936545.3,3.55
"OEPW","One Equity Partners Open Water I Corp - Class A",358875000,9.57
"FTIV","FinTech Acquisition Corp IV - Class A",358872000,11.4
"ROT-U","Rotor Acquisition Corp - Units (1 Ord Class A & 1/2 War)",357765000,10.37
"ALUS","Alussa Energy Acquisition Corp - Class A",357578125,9.95
"WEBS","Direxion Daily Dow Jones Internet Bear 3X Shares",357419245.33,22.4699
"FACA","Figure Acquisition Corp I - Class A",357142850,10
"HUNTF","Hunter Maritime Acquisition Corp - Class A",357071757,0.16
"ENFA","890 5th Avenue Partners Inc - Class A",356135500,9.7
"OPT","Opthea Ltd",355938732.100338,8.2883
"FHTX","Foghorn Therapeutics Inc",355564710.6,9.65
"FTCV","FinTech Acquisition Corp V - Class A",355541336.8,10.4
"AGAC","African Gold Acquisition Corp - Class A",355500000,9.48
"URGN","UroGen Pharma Ltd",355474654.08,15.96
"MEC","Mayville Engineering Company Inc",355458182.1,17.43
"FSRV","FinServ Acquisition Corp - Class A",355213950,11.13
"GTBP","GT Biopharma Inc",355208439.6,12.51
"SMBK","SmartFinancial Inc",354959533.5,23.5
"AQB","AquaBounty Technologies Inc",354401905.74,4.99
"DGNS","Dragoneer Growth Opportunities Corp II - Class A",353225040,10.02
"KLAQ","KL Acquisition Corp - Class A",352187500,9.8
"ATOM","Atomera Inc",351321768.25,15.25
"FOREU","Foresight Acquisition Corp - Units (1 Ord Share Class A & 1/3 War)",350898750,9.99
"ADVM","Adverum Biotechnologies Inc",350606501.66,3.58
"TTSH","Tile Shop Hldgs Inc",350495518.5,6.75
"CLRM","Clarim Acquisition Corp - Class A",350390625,9.75
"BCEL","Atreca Inc - Class A",349895982,9.5
"LCTX","Lineage Cell Therapeutics Inc",349480087.82,2.33
"NXU","Novus Capital Corp II - Class A",348953125,9.71
"PRTK","Paratek Pharmaceuticals Inc",348881896.32,7.44
"RSVA","Rodgers Silicon Valley Acquisition Corp",348737500,12.13
"GHL","Greenhill & Co Inc",348609161.4,17.86
"SQZ","SQZ Biotechnologies Company",347685073.34,12.47
"CND","Concord Acquisition Corp - Class A",347232200,9.85
"KALA","Kala Pharmaceuticals Inc",347129500.05,5.37
"PRQR","ProQR Therapeutics N.V",346983254.73,6.5
"FUSN","Fusion Pharmaceuticals Inc",346870332.13,8.17
"EVC","Entravision Communications Corp - Class A",346554626.99,4.07
"KOR","Corvus Gold Inc",346196678.1,2.85
"VOXX","VOXX International Corp - Class A",345997867.8,14.46
"MSON","Misonix Inc",345525873.25,19.85
"DSX","Diana Shipping Inc",345494257.74,3.87
"TINV","Tiga Acquisition Corp - Class A",345000000,10
"IVAN","Ivanhoe Capital Acquisition Corp - Class A",344655000,9.99
"RRD","R.R. Donnelley & Sons Company",344394000,4.77
"AXU","Alexco Resource Corp",344384685.68,3.05
"APYX","Apyx Medical Corp",343864987.26,10.02
"ANAC-U","Arctos NorthStar Acquisition Corp - Units (1 Ord Share Class A & 1/4 War)",343750000,10
"PMGMU","Priveterra Acquisition Corp - Units (1 Ord Share Class A & 1/3 War)",343620000,9.96
"PFDRU","Pathfinder Acquisition Corp - Units (1 Ord Share Class A & 1/5 War)",343406250,9.99
"COLIU","Colicity Inc - Units (1 Ord Share Class A & 1/5 War)",343406250,9.99
"ATHN-U","Athena Technology Acquisition Corp - Units (1 Ord Share Class A & 1/3 War)",342666670,10
"ROT","Rotor Acquisition Corp - Class A",342240000,9.92
"GMBTU","Queens Gambit Growth Capital - Units (1 Ord Class A & 1/3 War)",342031250,9.95
"NNBR","NN Inc",341931058.1,7.94
"WSG","Wanda Sports Group Co Ltd",341205702.015545,2.495
"CPSR","Capstar Special Purpose Acquisition Corp - Class A",341205000,9.89
"PROF","Profound Medical Corp",340924952.76,17.09
"MTA","Metalla Royalty and Streaming Ltd",340606265.6,10.92
"KINZ","KINS Technology Group Inc - Class A",340515000,9.87
"CCAC","CITIC Capital Acquisition Corp - Class A",339825000,9.85
"VTRU","Vitru Ltd",339645120.69,14.73
"TNXP","Tonix Pharmaceuticals Holding Corp",339569504.56,1.04
"POW","Powered Brands - Class A",339521400,9.8412
"NEBC","Nebula Caravel Acquisition Corp - Class A",339281250,9.87
"ATAC","Altimar Acquisition Corp - Class A",338937500,9.86
"ANAC","Arctos NorthStar Acquisition Corp - Class A",338593750,9.85
"BQ","Boqii Holding Ltd",338424117.52049,3.73
"STIM","Neuronetics Inc",336939426.6,13.08
"VMD","Viemed Healthcare Inc",336802720.88,8.51
"PICC","Pivotal Investment Corp III - Class A",336720000,9.76
"STKS","ONE Group Hospitality Inc",336339605.05,11.15
"EAC","Edify Acquisition Corp - Class A",336030000,9.74
"FBIO","Fortress Biotech Inc",335972365.92,3.54
"COLI","Colicity Inc - Class A",335843750,9.77
"MCBC","Macatawa Bank Corp",335776556.24,9.82
"MDH","MDH Acquisition Corp - Class A",335685000,9.73
"IIII","INSU Acquisition Corp III - Class A",335544000,9.84
"EPWR","Empowerment & Inclusion Capital I Corp - Class A",335340000,9.72
"ADEX","Adit Edtech Acquisition Corp",335340000,9.72
"TMKR","Tastemaker Acquisition Corp - Class A",335340000,9.72
"GNLN","Greenlane Holdings Inc - Class A",335234846.88,3.69
"KAIR","Kairos Acquisition Corp - Class A",335167500,9.715
"ONE","OneSmart International Education Group Ltd",335033190.076,2.16
"GP","GreenPower Motor Company Inc",334898800,16.07
"MIXT","MiX Telematics Ltd",334647154.8096,14.2
"PMGM","Priveterra Acquisition Corp - Class A",333615000,9.67
"PFDR","Pathfinder Acquisition Corp - Class A",333437500,9.7
"SWET","Athlon Acquisition Corp - Class A",333270000,9.66
"LMNR","Limoneira Company",332791245.8,18.85
"HCCC","Healthcare Capital Corp - Class A",332406250,9.67
"KRT","Karat Packaging Inc",332062290,17.37
"FWAA","Fifth Wall Acquisition Corp I - Class A",331991550,10.34
"JG","Aurora Mobile Ltd",331599678.57,2.88
"ATHN","Athena Technology Acquisition Corp - Class A",331530003.225,9.675
"VRNA","Verona Pharma Plc",331387088.89,5.72
"LOOP","Loop Industries Inc",331250926.71,7.81
"SSSS","SuRo Capital Corp",331127354.88,13.68
"GLRE","Greenlight Capital Re Ltd - Class A",330731510.72,9.49
"PUYI","Puyi Inc",330466410.808889,5.51
"SELB","Selecta Biosciences Inc",330377205.06,2.94
"ESCA","Escalade Inc",329794862.64,23.72
"MSGM","Motorsport Games Inc - Class A",328941710.5,18.5
"CTAC","Cerberus Telecom Acquisition Corp - Class A",328823183.7,9.9
"GTYH","GTY Technology Holdings Inc",328433933.52,6.21
"SYRS","Syros Pharmaceuticals Inc",327848815.1,5.3
"AUTL","Autolus Therapeutics plc",327687406.06,6.26
"YELL","Yellow Corporation",327537859.5,6.41
"FULC","Fulcrum Therapeutics Inc",327122755.96,10.01
"HFFG","HF Foods Group Inc",327054489.3,6.3
"PCYO","Pure Cycle Corp",327029209.92,13.68
"CBAT","CBAK Energy Technology Inc",326873330.49,3.71
"PTVCB","Protective Insurance Corp - Class B",326865526.59,23.09
"LPTV","Loop Media Inc",326519577.9,2.7
"HUIZ","Huize Holding Ltd",326276637.922,6.28
"LMRK","Landmark Infrastructure Partners LP",326259097.6,12.8
"HBB","Hamilton Beach Brands Holding Co - Class A",326186979.43,23.51
"BDSX","Biodesix Inc",326092794.94,12.14
"HLAHU","Hamilton Lane Alliance Holdings I Inc - Units (1 Ord Class A & 1/3 War)",326004703.52,10.04
"PSAC","Property Solutions Acquisition Corp",325862281.44,11.04
"PAVM","PAVmed Inc",325719844,3.95
"NR","Newpark Resources Inc",325637924.12,3.58
"ORMP","Oramed Pharmaceuticals Inc",324653241.54,10.74
"RGS","Regis Corp",324255769.2,9.06
"LITB","LightInTheBox Holding Co Ltd",322615599.84,2.88
"AGS","PlayAGS Inc",322318823.2,8.8
"TWLVU","Twelve Seas Investment Co II - Units (1 Ord Class A & 1/3 War)",322250000,10
"RVP","Retractable Technologies Inc",322155085.92,9.48
"PSAGU","Property Solutions Acquisition Corp II - Units (1 Ord Share Class A & 1/4 War)",322050000,10
"FSRXU","FinServ Acquisition Corp II - Units (1 Ord Share Class A & 1/4 War)",321736500,10.07
"VRCA","Verrica Pharmaceuticals Inc",320692039.2,11.7
"MTRX","Matrix Service Company",320678641.92,12.09
"HUGS-U","USHG Acquisition Corp - Units (1 Ord Share Class A & 1/3 War)",319983690,10.02
"GGMCU","Glenfarne Merger Corp - Units (1 Ord Share Class A & 1/3 War)",319958800,9.98
"IACA","ION Acquisition Corp 1 Ltd - Class A",319879687.5,9.89
"VHC","Virnetx Holding Corp",319763565,4.5
"INVE","Identiv Inc",319638548.76,14.54
"AMTX","Aemetis Inc",319485109.05,10.17
"BRT","BRT Apartments Corp",319482655.75,18.17
"STIC","Northern Star Acquisition Corp - Class A",318891312.5,10.03
"VTGN","VistaGen Therapeutics Inc",318812429.25,2.25
"WALDU","Waldencast Acquisition Corp - Units (1 Ord Share Class A & 1/3 War)",318750000,10.2
"BLUA-U","BlueRiver Acquisition Corp - Units (1 Ord Share Class A & 1/3 War)",318717207.5,9.9677
"PUCK","Goal Acquisitions Corp",318679612.5,9.61
"IACC","ION Acquisition Corp 3 Ltd - Class A",318400000,9.95
"HBMD","Howard Bancorp Inc",317986015.07,16.93
"PIAI","Prime Impact Acquisition I - Class A",317752110,9.75
"PVBC","Provident Bancorp Inc",317354675.4,16.69
"CRDF","Cardiff Oncology Inc",317315490.05,8.45
"HRZN","Horizon Technology Finance Corp",317303813.52,16.14
"ITI","Iteris Inc",317301311.04,7.62
"IPHA","Innate Pharma",317225541.138,3.97
"IACB-U","ION Acquisition Corp 2 Ltd - Units (1 Ord Share Class A & 1/8 War)",317198750,10.03
"DTOC","Digital Transformation Opportunities Corp - Class A",317187500,10.15
"HLAH","Hamilton Lane Alliance Holdings I Inc - Class A",316912938.88,9.76
"BGLC","BioNexus Gene Lab Corp",316753581.2,1.85
"TEKK","Tekkorp Digital Acquisition Corp - Class A",316725000,9.84
"FIII","Forum Merger III Corp - Class A",316713375,9.9
"PBFS","Pioneer Bancorp Inc",316667907.01,12.19
"ENFAU","890 5th Avenue Partners Inc - Units (1 Ord Class A & 1/3 War)",316329750,9.9
"HCICU","Hennessy Capital Investment Corp V - Units (1 Ord Share Class A & 1/4 War)",316250000,10.12
"FLL","Full House Resorts Inc",316191894.66,9.27
"CRU","Crucible Acquisition Corp - Class A",315998437.5,9.77
"KIIIU","Kismet Acquisition Three Corp - Units (1 Ord Share Class A & 1/3 War)",315912500,9.95
"CLII","Climate Change Crisis Real Impact I Acquisition Corp - Class A",315675000,10.98
"GSAQ","Global Synergy Acquisition Corp - Class A",315351562.5,9.75
"CRSA","Crescent Acquisition Corp - Class A",315189018.58,10.09
"WHF","WhiteHorse Finance Inc",315154663.2,15.3
"HCHC","HC2 Holdings Inc",315104886.46,4.06
"COGT","Cogent Biosciences Inc",314964189.4,8.2
"ACTDU","ArcLight Clean Transition Corp II - Units (1 Ord Share Class A & 1/5 War)",314687500,10.07
"GSQD-U","G Squared Ascend I Inc - Units (1 Ord Share Class A & 1/5 War)",314687500,10.07
"HOWL","Werewolf Therapeutics Inc",314683627.23,11.97
"WPCA-U","Warburg Pincus Capital Corp I A - Units (1 Ord Class A & 1/5 War)",314375000,10.06
"PSAG","Property Solutions Acquisition Corp II - Class A",314320800,9.76
"SDACU","Sustainable Development Acquisition I Corp - Units (1 Ord Class A & 1/2 War)",314062500,10.05
"DHBCU","DHB Capital Corp - Units (1 Ord Share Class A & 1/3 War)",313750000,10.04
"LOKB","Live Oak Acquisition Corp II - Class A",313720000,9.92
"KSMT","Kismet Acquisition One Corp",313690000,9.88
"ATTO","Atento S.A.",313500000,20.9
"CLAS","Class Acceleration Corp - Class A",313410937.5,9.69
"HUGS","USHG Acquisition Corp - Class A",313277445,9.81
"GAMC","Golden Arrow Merger Corp - Class A",313125000,10.02
"FSRX","FinServ Acquisition Corp II - Class A",313110000,9.8
"IACB","ION Acquisition Corp 2 Ltd - Class A",313087500,9.9
"CATO","Cato Corp - Class A",313057740.95,13.85
"XPDIU","Power & Digital Infrastructure Acquisition Corp - Units (1 Ord Class A & 1/4 War)",312812500,10.01
"MACC-U","Mission Advancement Corp - Units (1 Ord Share Class A & 1/3 War)",312500000,10
"RXRAU","RXR Acquisition Corp - Units (1 Ord Share Class A & 1/5 War)",312500000,10
"DMYQ-U","dMY Technology Group Inc IV - Units (1 Ord Share Class A & 1/5 War)",312500000,10
"IPVIU","InterPrivate IV InfraTech Partners Inc - Units (1 Ord Share Class A & 1/5 War)",312500000,10
"GLBLU","Cartesian Growth Corp - Units (1 Ord Share Class A & 1/3 War)",312500000,10
"FACT-U","Freedom Acquisition I Corp - Units (1 Ord Share Class A & 1/4 War)",312500000,10
"SCLEU","Broadscale Acquisition Corp - Units (1 Ord Share Class A & 1/4 War)",312500000,10
"SPKB","Silver Spike Acquisition Corp II - Class A",312500000,10
"TZPSU","TZP Strategies Acquisition Corp - Units (1 Ord Class A & 1/3 War)",312500000,10
"AMPI-U","Advanced Merger Partners Inc - Units (1 Ord Share Class A & 1/6 War)",312500000,10
"TSIBU","Tishman Speyer Innovation Corp II - Units (1 Ord Share Class A & 1/5 War)",312500000,10
"LVRAU","Levere Holdings Corp - Units (1 Ord Share Class A & 1/3 War)",312500000,10
"CHAA-U","Catcha Investment Corp - Units (1 Ord Share Class A & 1/3 War)",312500000,10
"SVOK","Seven Oaks Acquisition Corp - Class A",312440625,9.66
"TRCH","Torchlight Energy Resources Inc",312424384.05,2.15
"RKTA-U","Rocket Internet Growth Opportunities Corp - Units (1 Ord Share Class A & 1/4 War)",312343750,9.995
"SCAQU","Stratim Cloud Acquisition Corp - Units (1 Ord Share Class A & 1/3 War)",312215625,9.9909
"MACQU","MCAP Acquisition Corp - Units (1 Ord Share Class A & 1/3 War)",312187500,9.99
"KRNLU","Kernel Group Holdings Inc - Units (1 Ord Class A & 1/2 War)",312187500,9.99
"SNII-U","Supernova Partners Acquisition Co II Ltd - Units (1 Ord Share Class A & 1/4 War)",311878125,9.9801
"TWNI-U","Tailwind International Acquisition Corp - Units (1 Ord Share Class A & 1/3 War)",311875000,9.98
"FLME-U","Flame Acquisition Corp - Units (1 Ord Share Class A & 1/2 War)",311875000,9.98
"DHCAU","DHC Acquisition Corp - Units (1 Ord Share Class A & 1/3 War)",311875000,9.98
"DISAU","Disruptive Acquisition Corp I - Units (1 Ord Share Class A & 1/3 War)",311875000,9.98
"STRE-U","Supernova Partners Acquisition Co III Ltd - Units (1 Ord Share Class A & 1/5 War)",311562500,9.97
"COVAU","COVA Acquisition Corp - Units (1 Ord Class A & 1/2 War)",311562500,9.97
"JCICU","Jack Creek Investment Corp - Units (1 Ord Share Class A & 1/2 War)",311250000,9.96
"ARRWU","Arrowroot Acquisition Corp - Units (1 Ord Share Class A & 1/2 War)",310937500,9.95
"GPACU","Global Partner Acquisition Corp II - Units (1 Ord Class A 1/6 War & 1 CVR )",310937500,9.95
"DNZ-U","D and Z Media Acquisition Corp - Units (1 Ord Share Class A & 1/3 War)",310625000,9.94
"CLRMU","Clarim Acquisition Corp - Units (1 Ord Class A & 1/3 War)",310625000,9.94
"GAMCU","Golden Arrow Merger Corp - Units (1 Ord Share Class A & 1/3 War)",310625000,9.94
"FORA","Forian Inc",310377523.5,9.9
"TSIB","Tishman Speyer Innovation Corp II - Class A",310312500,9.93
"EMPW","Empower Ltd - Class A",310312500,9.93
"SLCRU","Silver Crest Acquisition Corp - Units (1 Ord Class A & 1/2 War)",310312500,9.93
"WPCA","Warburg Pincus Capital Corp I A - Class A",310312500,9.93
"GLBL","Cartesian Growth Corp - Class A",310312500,9.93
"TBSAU","TB SA Acquisition Corp - Units (1 Ord Share Class A & 1/3 War)",309400000,9.9008
"BLUA","BlueRiver Acquisition Corp - Class A",309198250,9.67
"TAST","Carrols Restaurant Group Inc",308902796.62,5.93
"SEEL","Seelos Therapeutics Inc",308831272.53,3.93
"HCIC","Hennessy Capital Investment Corp V - Class A",308437500,9.87
"AMPI","Advanced Merger Partners Inc - Class A",308437500,9.87
"FRLN","Freeline Therapeutics Holdings plc",308352527,8.6
"STWO","ACON S2 Acquisition Corp - Class A",308125000,9.86
"DHBC","DHB Capital Corp - Class A",308125000,9.86
"WALD","Waldencast Acquisition Corp - Class A",307812500,9.85
"GSQD","G Squared Ascend I Inc - Class A",307812500,9.85
"LCAA","L Catterton Asia Acquisition Corp - Class A",307812500,9.85
"EGAN","eGain Corp",307755208.56,9.91
"ITMR","Itamar Medical Ltd",307674646.24512,21.91
"YRD","Yiren Digital Ltd",307377249.3,3.66
"FRTG","FRONTERA GROUP INC",307280150,1
"HPX","HPX Corp - Class A",307200600,9.72
"OACB","Oaktree Acquisition Corp II - Class A",307187500,9.83
"DMYQ","dMY Technology Group Inc IV - Class A",306875000,9.82
"LEU","Centrus Energy Corp - Class A",306827005.25,22.15
"MG","Mistras Group Inc",306386214.33,10.41
"SNII","Supernova Partners Acquisition Co II Ltd - Class A",306250000,9.8
"KIII","Kismet Acquisition Three Corp - Class A",306070000,9.64
"BRBS","Blue Ridge Bankshares Inc (VA)",305970451.67,16.43
"SCLE","Broadscale Acquisition Corp - Class A",305937500,9.79
"CFVIU","CF Acquisition Corp VI - Units (1 Ord Class A & 1/4 War)",305465000,9.95
"FGNA","FG New America Acquisition Corp - Class A",305425260,10.08
"TZPS","TZP Strategies Acquisition Corp - Class A",305281250,9.769
"SCAQ","Stratim Cloud Acquisition Corp - Class A",305000000,9.76
"XPDI","Power & Digital Infrastructure Acquisition Corp - Class A",305000000,9.76
"IPVI","InterPrivate IV InfraTech Partners Inc - Class A",304928125,9.7577
"MACQ","MCAP Acquisition Corp - Class A",304687500,9.75
"AFCG","AFC Gamma Inc",304631126.83,22.79
"CIX","Compx International Inc - Class A",304572415.92,24.56
"RXRA","RXR Acquisition Corp - Class A",304375000,9.74
"MON","Monument Circle Acquisition Corp - Class A",304375000,9.74
"ARRW","Arrowroot Acquisition Corp - Class A",304340625,9.7389
"ASAQ","Atlantic Avenue Acquisition Corp - Class A",304062500,9.73
"TWNI","Tailwind International Acquisition Corp - Class A",304062500,9.73
"WVE","Wave Life Sciences Ltd",303783681.6,6.2
"GPAC","Global Partner Acquisition Corp II - Class A",303437500,9.71
"SDAC","Sustainable Development Acquisition I Corp - Class A",303437500,9.71
"DHCA","DHC Acquisition Corp - Class A",303125000,9.7
"MEIP","MEI Pharma Inc",302871882.82,2.69
"FTPAU","FTAC Parnassus Acquisition Corp - Units (1 Ord Share Class A & 1/4 War)",302835863.33,10.01
"JCIC","Jack Creek Investment Corp - Class A",302500000,9.68
"CMCM","Cheetah Mobile Inc",302296224.503,2.24
"CECE","Ceco Environmental Corp",302283342.66,8.49
"SLDB","Solid Biosciences Inc",302212980.35,3.55
"CBNK","Capital Bancorp Inc",302011362.14,21.94
"DNZ","D and Z Media Acquisition Corp - Class A",301875000,9.66
"LVTX","LAVA Therapeutics NV",301691858.3,11.9
"LEAF","Leaf Group Ltd",301588635.15,8.37
"COVA","COVA Acquisition Corp - Class A",301562500,9.65
"ALPN","Alpine Immune Sciences Inc",301392581.56,12.62
"SIC","Select Interior Concepts Inc - Class A",301353898.8,11.8
"CBAY","Cymabay Therapeutics Inc",301294422.04,4.37
"MTAC","MedTech Acquisition Corp - Class A",301250000,9.64
"AURCU","Aurora Acquisition Corp - Units (1 Ord Share Class A & 1/4 War)",301093750,10.25
"FLME","Flame Acquisition Corp - Class A",300312500,9.61
"FREQ","Frequency Therapeutics Inc",300080829.38,8.78
"GTPAU","Gores Technology Partners Inc - Units (1 Ord Share Class A & 1/5 War)",300000000,10
